Language,Title,Short description,Full description
bn-BD,SongFlip: মিউজিক লিঙ্ক,মিউজিক ও পডকাস্ট লিঙ্ক প্রিয় প্লেয়ারে চালান (০ ক্লিক)।,"কোনো বন্ধু আপনাকে Spotify-এ একটি গান বা পডকাস্ট পাঠিয়েছে, কিন্তু আপনি YouTube Music, Apple Podcasts বা Deezer ব্যবহার করেন?

SongFlip হলো Android-এর জন্য স্বয়ংক্রিয় মিউজিক ও পডকাস্ট লিঙ্ক কনভার্টার। সেট আপ করার পর, যেকোনো অডিও লিঙ্ক ব্যাকগ্রাউন্ডে কনভার্ট হয়ে সরাসরি আপনার প্রিয় প্লেয়ারে চালু হয় — কোনো ম্যানুয়াল সার্চ বা বিজ্ঞাপন ছাড়াই।

Spotify থেকে YouTube Music, Apple Podcasts থেকে Spotify কিংবা Shazam-এর গান: SongFlip সার্বজনীন স্মার্ট লিঙ্ক রূপান্তরকারী হিসেবে মুহূর্তেই সমাধান করে।

🚀 মূল বৈশিষ্ট্য:

• ১০টি প্ল্যাটফর্ম, পডকাস্ট ও Shazam:
Spotify, YouTube Music, Apple Music, Apple Podcasts, Pocket Casts, Deezer, TIDAL, Amazon Music, SoundCloud ও Bandcamp-এর মধ্যে লিঙ্ক রূপান্তর করুন। Shazam লিঙ্কও সমর্থিত!

• সরাসরি গান অনুসন্ধান (ইন-অ্যাপ অনুসন্ধান):
সরাসরি SongFlip-এর ভিতরে ট্র্যাক এবং শিল্পীদের খুঁজুন এবং 1-ট্যাপ ফাস্ট ফ্লিপ সহ আপনার পছন্দের মিউজিক অ্যাপে তাৎক্ষণিকভাবে প্লেব্যাক চালু করুন—কোন বিদ্যমান লিঙ্কের প্রয়োজন নেই।

• QR কোড মিউজিক শেয়ারিং এবং স্ক্যানিং:
গান এবং অ্যালবামের জন্য সর্বজনীন QR কোড তৈরি এবং স্ক্যান করুন। অনায়াসে ব্যক্তিগতভাবে বন্ধুদের সাথে মিউজিক শেয়ার করুন, তারা যে স্ট্রিমিং পরিষেবাতে সাবস্ক্রাইব করুন না কেন।

• পডকাস্ট কনভার্টার ইঞ্জিন:
পডকাস্ট শো এবং পর্ব বিভিন্ন অ্যাপের মধ্যে শেয়ার করুন। SongFlip স্বয়ংক্রিয়ভাবে পর্বটি খুঁজে আপনার পছন্দের অ্যাপে চালু করে।

• ইউনিভার্সাল প্লেলিস্ট কনভার্টার:
Spotify, Apple Music, YouTube Music, TIDAL, এবং Deezer-এর মধ্যে ট্র্যাক-বাই-ট্র্যাক সমগ্র প্লেলিস্ট স্থানান্তর করুন — স্বয়ংক্রিয় ডুপ্লিকেট ক্লিনিং, 200টি পর্যন্ত ট্র্যাক এবং উচ্চ-গতির মাল্টি-টায়ার ক্যাশিং বৈশিষ্ট্যযুক্ত।

• মিলগুলি পরিমার্জন করুন এবং 1-ট্যাপ প্রিয়:
লাইভ রেকর্ডিং, রিমাস্টার বা বিকল্প সংস্করণগুলির মধ্যে সহজেই বেছে নিন। ইতিহাসে আপনার প্রিয় ট্র্যাকগুলিকে একক ট্যাপ দিয়ে পিন করুন এবং স্ট্রিমলাইনড দ্রুত অ্যাকশন মেনুর মাধ্যমে সেগুলি পরিচালনা করুন৷

• ইনস্ট্যান্ট প্লেব্যাক (Instant Playback):
খালি সার্চ পেজের বদলে সরাসরি প্লেয়ারে গান বা পডকাস্ট শুরু হয়।

• দ্রুত প্লেয়ার নির্বাচক (প্রতিবার জিজ্ঞাসা করুন):
একাধিক অডিও অ্যাপ ব্যবহার করেন? একটি লিঙ্ক খোলার সময় অবিলম্বে আপনার লক্ষ্য প্লেয়ার বেছে নিতে দ্রুত নির্বাচক সক্রিয় করুন।

• স্মার্ট সেটআপ অ্যাসিস্ট্যান্ট (Android 12+):
এক ক্লিকেই অ্যাপ লিঙ্ক অটোমেটিক ওপেন করার সহজ সেটআপ গাইড।

• ক্লিপবোর্ড স্মার্ট-ব্যানার ও শেয়ার মেনু:
লিঙ্ক কপি করে বা WhatsApp, Telegram, Instagram থেকে সরাসরি SongFlip-এ শেয়ার করে অডিও শুনুন।

• ইউনিভার্সাল স্মার্ট লিঙ্ক ও ওয়েব প্লেয়ার (songflip.link):
বন্ধুদের জন্য ইনবিল্ট ওয়েব প্লেয়ারযুক্ত নিরপেক্ষ লিঙ্ক তৈরি করুন যাতে তারা যেকোনো ডিভাইসে শুনতে পারে।

• কুইক সেটিংস ও শর্টকাট:
নোটিফিকেশন প্যানেল থেকে ১৫ মিনিট বা ১ ঘণ্টার জন্য রিডাইরেক্ট সাময়িক বন্ধ রাখুন।

• Material You ডিজাইন ও থিমড আইকন:
AMOLED ডার্ক মোড এবং সুন্দর হোমস্ক্রিন আইকন।

• প্রোমো কোড ও ভাউচার রিডিম:
PRO ফিচার আনলক করতে সরাসরি অ্যাপে প্রোমো কোড ব্যবহার করুন।

🔒 গোপনীয়তা ও ওপেন সোর্স:
• ১০০% ওপেন সোর্স (GitHub GPLv3)
• কোনো অ্যাকাউন্ট বা লগইন নেই
• সম্পূর্ণ বিজ্ঞাপনমুক্ত
• কোনো ট্র্যাকিং বা ডেটা সংগ্রহ নেই

Songlink / Odesli সমর্থিত। এখনই SongFlip ডাউনলোড করুন এবং সকল প্ল্যাটফর্মে সঙ্গীত ও পডকাস্ট উপভোগ করুন!"
cs-CZ,SongFlip: Hudební Odkazy,Převádějte a otevírejte hudební i podcastové odkazy v oblíbené aplikaci.,"Poslal vám kamarád skladbu nebo podcast na Spotify, ale vy používáte YouTube Music, Apple Podcasts nebo Deezer?

SongFlip je chytrý převodník a přesměrovač hudebních a podcastových odkazů pro Android. Po nastavení se příchozí odkazy automaticky převedou na pozadí a otevřou přímo ve vašem oblíbeném přehrávači — bez ručního vyhledávání, reklam a zdržování v prohlížeči.

Ze Spotify na YouTube Music, z Apple Podcasts na Spotify nebo skladby ze Shazam: SongFlip okamžitě vyřeší jakýkoliv odkaz jako váš univerzální konvertor.

🚀 HLAVNÍ FUNKCE:

• 10 Streamovacích Platforem, Podcasty a Shazam:
Plynulý převod mezi Spotify, YouTube Music, Apple Music, Apple Podcasts, Pocket Casts, Deezer, TIDAL, Amazon Music, SoundCloud a Bandcamp. Podporuje i odkazy ze Shazam!

• Přímé vyhledávání skladeb (vyhledávání v aplikaci):
Vyhledejte skladby a interprety přímo v aplikaci SongFlip a okamžitě spusťte přehrávání ve vaší oblíbené hudební aplikaci pomocí funkce Rychlé přetáčení jedním klepnutím – není potřeba žádný existující odkaz.

• Sdílení a skenování QR kódu hudby:
Generujte a skenujte univerzální QR kódy pro skladby a alba. Sdílejte hudbu s přáteli bez námahy osobně, bez ohledu na to, kterou streamovací službu si předplatí.

• Podcastový Konvertor:
Sdílejte podcastové pořady a jednotlivé epizody napříč platformami. SongFlip epizodu automaticky vyhledá a spustí přímo ve vaší aplikaci.

• Univerzální Převodník Playlistů:
Přenášejte celé seznamy stop po stopách mezi Spotify, Apple Music, YouTube Music, TIDAL a Deezer – s automatickým čištěním duplicit, až 200 stopami a vysokorychlostním vícevrstvým ukládáním do mezipaměti.

• Upřesnit shody a oblíbené položky jedním klepnutím:
Snadno si vyberte mezi živými nahrávkami, remastery nebo alternativními verzemi. Připněte si své oblíbené skladby do historie jediným klepnutím a spravujte je prostřednictvím efektivní nabídky rychlých akcí.

• Okamžité Přehrávání (Instant Playback):
Spustí skladbu nebo epizodu přímo v cílovém přehrávači místo zobrazení prázdného vyhledávání.

• Rychlý Výběr Přehrávače (Ptát se pokaždé):
Používáte více audio aplikací? Aktivujte rychlý výběr pro okamžitou volbu přehrávače při každém otevření odkazu.

• Chytrý Průvodce Nastavením (Android 12+):
Snadná konfigurace výchozích odkazů aplikace jedním klepnutím.

• Chytrý Banner Schránky a Nabídka Sdílení:
Zkopírovali jste odkaz? Spusťte jej z chytrého banneru nebo sdílejte z WhatsApp, Telegramu či Instagramu do SongFlip.

• Univerzální Webové Odkazy a Webový Přehrávač (songflip.link):
Vytvářejte neutrální odkazy s integrovaným přehrávačem pro poslech na jakémkoliv zařízení.

• Dlaždice Rychlého Nastavení a Zkratky:
Pozastavte přesměrování na 15 minut, 1 hodinu nebo do rána přímo z panelu rychlého nastavení.

• Design Material You a Tématická Ikona:
Plně přizpůsobeno barvám vašeho systému s tmavým režimem AMOLED a monochromatickou ikonou.

• Uplatnění Promo Kódů a Poukazů:
Zadejte promo kódy přímo v aplikaci pro odemčení funkcí PRO.

🔒 SOUKROMÍ A OPEN SOURCE:
• 100% Open Source (licence GPLv3 na GitHubu)
• Bez účtů, registrace a přihlašování
• Zcela bez reklam — navždy
• Žádné sledování návyků ani shromažďování dat

Kompatibilní se Songlink / Odesli. Stáhněte si SongFlip a užívejte si hudbu a podcasty bez bariér mezi platformami!"
da-DK,SongFlip: Musiklink Omdir,Konverter og åbn musik- og podcastlinks i din yndlingsapp med 0 klik.,"Sender en ven dig et nummer eller en podcast på Spotify, men du bruger YouTube Music, Apple Podcasts eller Deezer?

SongFlip er din smarte 0-klik musik- og podcastlink-konverter til Android. Når den er sat op, konverteres modtagne links automatisk i baggrunden og åbnes direkte i din foretrukne afspiller — uden manuel søgning eller irriterende mellemsider.

Uanset om det er Spotify til YouTube Music, Apple Podcasts til Spotify eller Shazam-numre: SongFlip klarer det lynhurtigt som din universelle smart link-konverter.

🚀 NØGLEFUNKTIONER:

• 10 Musik- og Podcastplatforme samt Shazam:
Konverter problemfrit mellem Spotify, YouTube Music, Apple Music, Apple Podcasts, Pocket Casts, Deezer, TIDAL, Amazon Music, SoundCloud og Bandcamp. Understøtter også Shazam-links!

• Direkte sangsøgning (søgning i appen):
Søg efter numre og kunstnere direkte inde i SongFlip, og start afspilning med det samme i din foretrukne musikapp med 1-tryk Fast Flip – ingen eksisterende link påkrævet.

• QR-kode musikdeling og -scanning:
Generer og scan universelle QR-koder til sange og album. Del ubesværet musik med venner personligt, uanset hvilken streamingtjeneste de abonnerer på.

• Podcast-Konverter:
Del podcast-shows og enkelte episoder på tværs af platforme. SongFlip finder episoden og åbner den direkte i din foretrukne podcast-app.

• Universel Playlist-Konverter:
Overfør hele afspilningslister spor for spor mellem Spotify, Apple Music, YouTube Music, TIDAL og Deezer – med automatisk duplikatrensning, op til 200 numre og højhastigheds multi-tier caching.

• Forfin kampe og favoritter med 1 tryk:
Vælg nemt mellem liveoptagelser, remastere eller alternative versioner. Fastgør dine yndlingsnumre i historien med et enkelt tryk, og administrer dem via den strømlinede hurtige handlingsmenu.

• Øjeblikkelig Afspilning (Instant Playback):
Starter nummeret eller episoden direkte i mål-appen i stedet for at vise en tom søgeside.

• Hurtig Afspillervælger (Spørg hver gang):
Bruger du flere lyd-apps? Vælg lynhurtigt din målafspiller, hver gang du åbner et link.

• Smart Opsætningsassistent (Android 12+):
Konfigurer nemt standardlink-indstillinger med et enkelt tryk.

• Udklipsholder Smart-Banner & Delemenu:
Kopiér et link eller del direkte fra WhatsApp, Telegram eller Instagram til SongFlip for øjeblikkelig konvertering.

• Universelle Weblinks & Webafspiller (songflip.link):
Opret neutrale links med indbygget webafspiller, så dine venner kan lytte på enhver enhed.

• Hurtige Indstillinger & Genveje:
Sæt omdirigeringen på pause i 15 minutter, 1 time eller til i morgen tidlig via hurtigindstillingerne.

• Material You Design & Temabaseret Ikon:
Tilpasser sig automatisk til dine systemfarver med AMOLED mørk tilstand og monokromt ikon.

• Kampagnekoder & Vouchers:
Indløs rabatkoder direkte i appen for at låse op for PRO-fordele.

🔒 PRIVATLIV & OPEN SOURCE:
• 100% Open Source (GPLv3-licenseret på GitHub)
• Ingen konti, ingen registrering, intet login
• Fuldstændig fri for reklamer for altid
• Ingen sporing af lyttevaner eller dataindsamling

Kompatibel med Songlink / Odesli. Hent SongFlip nu og nyd musik og podcasts på tværs af alle platforme!"
de-DE,SongFlip: Musik-Link Redirect,Song- & Podcast-Links automatisch konvertieren & im Wunsch-Player öffnen.,"Ein Freund schickt dir einen Song oder Podcast auf Spotify, du hörst aber über YouTube Music, Apple Podcasts oder Deezer?

SongFlip ist dein smarter 0-Klick Musik- & Podcast-Link Converter und Redirect für Android. Einmal eingerichtet, kannst du empfangene Musik- und Podcast-Links automatisch im Hintergrund in deinen Wunsch-Player konvertieren und direkt dort starten – ohne lästige Zwischenseiten, ohne Wartezeit, ohne manuelle Suche.

Egal ob Spotify zu YouTube Music, Apple Podcasts zu Spotify, Spotify zu Apple Music oder geteilte Shazam-Tracks: SongFlip erkennt Titel und Episoden blitzschnell und fungiert als dein universeller Smart Link Converter.

🚀 DIE WICHTIGSTEN FUNKTIONEN:

• 10 Streaming- & Podcast-Plattformen:
Konvertiert Musik und Podcasts nahtlos zwischen Spotify, YouTube Music, Apple Music, Apple Podcasts, Pocket Casts, Deezer, TIDAL, Amazon Music sowie SoundCloud und Bandcamp. Erkennt auch geteilte Shazam-Ergebnisse blitzschnell!

• Direkte Titelsuche (In-App Search):
Suche Songs & Interpreten direkt in SongFlip und starte sie per Fast Flip sofort in deiner Lieblings-App – auch ganz ohne Link.

• Musik per QR-Code teilen & scannen:
Generiere und scanne universelle Musik-QR-Codes. Teile Songs & Alben blitzschnell vor Ort – egal welcher Streamingdienst genutzt wird.

• Podcast Converter Engine:
Teile Podcast-Shows und einzelne Episoden plattformübergreifend. SongFlip löst Episodentitel automatisch auf und startet sie direkt in deiner bevorzugten Podcast-App.

• Universal Playlist Converter:
Übertrage Playlists zwischen Spotify, Apple Music, YouTube Music, TIDAL und Deezer – inklusive Duplikat-Bereinigung, bis zu 200 Tracks und schnellem Cache.

• Treffer verfeinern & 1-Tap Favoriten:
Wähle gezielt zwischen Live-, Remaster- oder Studio-Versionen. Pinne Favoriten im Verlauf mit 1-Tap an und nutze das praktische Schnellmenü.

• Sofortige Wiedergabe (Instant Playback):
Titel und Episoden starten direkt im Ziel-Player, anstatt nur eine leere Suchergebnisseite zu öffnen.

• Schnellauswahl (Ask Every Time):
Nutzt du mehrere Audio-Apps? Aktiviere die optionale Schnellauswahl, um beim Öffnen eines Links jedes Mal blitzschnell den gewünschten Ziel-Player zu wählen.

• Smarter Einrichtungs-Assistent (Android 12+):
Der integrierte Assistent prüft deine installierten Audio-Apps und hilft dir mit nur einem Fingertipp, App-Links konfliktfrei für die automatische Weiterleitung einzurichten.

• Clipboard Smart-Banner & Share-Menü:
Kopiere einen Link oder teile ihn direkt aus WhatsApp, Telegram, Instagram oder Reddit mit SongFlip für eine sofortige 1-Klick-Konvertierung.

• Universelle Web-Links & Webplayer (Smart Links):
Erstelle mit einem Fingertipp neutrale Smart-Links (songflip.link) mit integriertem Webplayer, die deine Freunde auf jedem beliebigen Gerät und Browser direkt anhören können.

• Schnelleinstellungen & App-Shortcuts:
Pausiere die automatische Umleitung flexibel für 15 Minuten, 1 Stunde oder bis zum nächsten Morgen über die praktische Quick-Settings-Kachel. Schneller Zugriff per Long-Press auf das App-Icon.

• Material You Design & Themed Icon:
Vollständig an dein Android-Systemfarbschema angepasst (Dynamic Color, Light- & AMOLED-Dark-Mode) inklusive sauberem Monochrome-Homescreen-Icon.

• Promo-Code & Voucher-Unterstützung:
Löse Aktionscodes und Voucher direkt in den Einstellungen ein, um PRO-Funktionen und erweiterte Caching-Kapazitäten freizuschalten.

🔒 DATENSCHUTZ, TRANSPARENZ & OPEN SOURCE:
• 100 % Open Source (GPLv3 lizenziert auf GitHub)
• Keine Benutzerkonten, kein Login, keine Registrierung
• Absolut werbefrei – für immer
• Kein Tracking, keine Analyse deines Musikgeschmacks oder Hörverhaltens

Angetrieben von moderner Open-Source-Technologie und kompatibel mit Songlink / Odesli. Hol dir SongFlip und genieße Musik & Podcasts frei über alle Plattform-Grenzen hinweg!"
el-GR,SongFlip: Σύνδεσμοι Μουσικής,Μετατρέψτε και ανοίξτε συνδέσμους μουσικής και podcast στο αγαπημένο player.,"Ένας φίλος σάς στέλνει ένα τραγούδι ή podcast στο Spotify, αλλά εσείς χρησιμοποιείτε YouTube Music, Apple Podcasts ή Deezer;

Το SongFlip είναι ο έξυπνος μετατροπέας και ανακατευθυντής συνδέσμων μουσικής και podcast για Android. Μόλις ρυθμιστεί, οι σύνδεσμοι μετατρέπονται αυτόματα στο παρασκήνιο και ανοίγουν απευθείας στο αγαπημένο σας πρόγραμμα αναπαραγωγής — χωρίς χειροκίνητη αναζήτηση, διαφημίσεις ή ενδιάμεσες σελίδες.

Από Spotify σε YouTube Music, από Apple Podcasts σε Spotify ή αναγνωρισμένα κομμάτια Shazam: Το SongFlip επιλύει τα πάντα άμεσα ως ο καθολικός σας έξυπνος μετατροπέας.

🚀 ΚΥΡΙΑ ΧΑΡΑΚΤΗΡΙΣΤΙΚΑ:

• 10 Πλατφόρμες Streaming, Podcast & Shazam:
Άψογη μετατροπή μεταξύ Spotify, YouTube Music, Apple Music, Apple Podcasts, Pocket Casts, Deezer, TIDAL, Amazon Music, SoundCloud και Bandcamp. Υποστηρίζει και συνδέσμους Shazam!

• Απευθείας αναζήτηση τραγουδιού (Αναζήτηση εντός εφαρμογής):
Αναζητήστε κομμάτια και καλλιτέχνες απευθείας μέσα στο SongFlip και ξεκινήστε την αναπαραγωγή αμέσως στην εφαρμογή μουσικής που προτιμάτε με το Fast Flip με 1 πάτημα—δεν απαιτείται υπάρχων σύνδεσμος.

• Κοινή χρήση και σάρωση μουσικής κωδικού QR:
Δημιουργήστε και σαρώστε γενικούς κωδικούς QR για τραγούδια και άλμπουμ. Μοιραστείτε χωρίς κόπο τη μουσική με φίλους προσωπικά, ανεξάρτητα από την υπηρεσία ροής στην οποία είναι συνδρομητές.

• Μηχανή Μετατροπής Podcast:
Μοιραστείτε εκπομπές και μεμονωμένα επεισόδια μεταξύ διαφορετικών εφαρμογών. Το SongFlip εντοπίζει το επεισόδιο και το ξεκινά στην αγαπημένη σας εφαρμογή podcast.

• Καθολικός Μετατροπέας Playlist:
Μεταφέρετε ολόκληρες λίστες αναπαραγωγής κομμάτι προς κομμάτι μεταξύ Spotify, Apple Music, YouTube Music, TIDAL και Deezer—με αυτόματο διπλό καθαρισμό, έως και 200 ​​κομμάτια και αποθήκευση σε κρυφή μνήμη πολλών επιπέδων υψηλής ταχύτητας.

• Βελτιώστε τις αντιστοιχίσεις και τα αγαπημένα με 1 πάτημα:
Επιλέξτε εύκολα ανάμεσα σε ζωντανές ηχογραφήσεις, remaster ή εναλλακτικές εκδόσεις. Καρφιτσώστε τα αγαπημένα σας κομμάτια στο ιστορικό με ένα μόνο πάτημα και διαχειριστείτε τα μέσω του βελτιωμένου μενού γρήγορης δράσης.

• Άμεση Αναπαραγωγή (Instant Playback):
Ξεκινά το κομμάτι ή το επεισόδιο απευθείας στο player προορισμού αντί να εμφανίζει κενά αποτελέσματα αναζήτησης.

• Γρήγορος Επιλογέας Player (Ερώτηση κάθε φορά):
Χρησιμοποιείτε πολλές εφαρμογές ήχου; Επιλέξτε άμεσα το επιθυμητό player κατά το άνοιγμα ενός συνδέσμου.

• Έξυπνος Οδηγός Ρύθμισης (Android 12+):
Διαμορφώστε εύκολα τους προεπιλεγμένους συνδέσμους εφαρμογών με 1 πάτημα.

• Έξυπνο Banner Προχείρου & Μενού Κοινής Χρήσης:
Αντιγράψατε έναν σύνδεσμο; Ανοίξτε τον άμεσα ή μοιραστείτε από WhatsApp, Telegram ή Instagram στο SongFlip.

• Καθολικοί Σύνδεσμοι Web & Web Player (songflip.link):
Δημιουργήστε ουδέτερους συνδέσμους με ενσωματωμένο web player για ακρόαση σε οποιαδήποτε συσκευή.

• Πλακίδιο Γρήγορων Ρυθμίσεων & Συντομεύσεις:
Κάντε παύση της ανακατεύθυνσης για 15 λεπτά, 1 ώρα ή μέχρι αύριο το πρωί από τις γρήγορες ρυθμίσεις.

• Σχεδίαση Material You & Θεματικό Εικονίδιο:
Προσαρμόζεται στα χρώματα του συστήματός σας με σκοτεινή λειτουργία AMOLED και μονόχρωμο εικονίδιο.

• Εξαργύρωση Κωδικών Προσφοράς & Voucher:
Εισαγάγετε κωδικούς προσφοράς απευθείας στην εφαρμογή για να ξεκλειδώσετε λειτουργίες PRO.

🔒 ΑΠΟΡΡΗΤΟ ΚΑΙ ΑΝΟΙΧΤΟΣ ΚΩΔΙΚΑΣ:
• 100% Ανοιχτού Κώδικα (άδεια GPLv3 στο GitHub)
• Χωρίς λογαριασμούς, χωρίς εγγραφή
• Πλήρως χωρίς διαφημίσεις για πάντα
• Μηδενική παρακολούθηση ή συλλογή δεδομένων

Συμβατό με το Songlink / Odesli. Κατεβάστε το SongFlip τώρα και απολαύστε μουσική και podcast χωρίς περιορισμούς πλατφόρμας!"
en-GB,SongFlip: Music Link Redirect,Automatically convert & open song and podcast links in your favorite player.,"A friend sends you a song or podcast on Spotify, but you listen on YouTube Music, Apple Podcasts, or Deezer?

SongFlip is your seamless, zero-click song and podcast link converter and redirect tool for Android. Once enabled, incoming audio links automatically convert in the background and launch directly inside your favorite audio player—no manual searching, no ads, no intermediate browser detours.

Whether switching Spotify to YouTube Music, Apple Podcasts to Pocket Casts, Spotify to Apple Music, or opening tracks identified with Shazam, SongFlip handles audio links instantly as your universal smart link converter.

🚀 KEY FEATURES:

• 10 Streaming Platforms, Podcasts & Shazam:
Seamlessly converts songs and podcasts across Spotify, YouTube Music, Apple Music, Apple Podcasts, Pocket Casts, Deezer, TIDAL, Amazon Music, SoundCloud, and Bandcamp. Includes instant resolution for shared Shazam links!

• Direct Song Search (In-App Search):
Search for tracks and artists directly inside SongFlip and launch playback instantly in your preferred music app with 1-tap Fast Flip—no existing link required.

• QR Code Music Sharing & Scanning:
Generate and scan universal QR codes for songs and albums. Effortlessly share music with friends in person, no matter which streaming service they subscribe to.

• Podcast Converter Engine:
Share full podcast shows or individual episodes across different platforms. SongFlip resolves episode titles automatically and starts playback right inside your favorite podcast player.

• Universal Playlist Converter:
Transfer entire playlists track-by-track between Spotify, Apple Music, YouTube Music, TIDAL, and Deezer—featuring automatic duplicate cleaning, up to 200 tracks, and high-speed multi-tier caching.

• Refine Matches & 1-Tap Favorites:
Easily pick between live recordings, remasters, or alternative versions. Pin your favorite tracks in history with a single tap and manage them via the streamlined quick action menu.

• Instant Track & Episode Playback:
Directly triggers playback inside your target player instead of landing on empty search result pages.

• Quick Player Chooser (Ask Every Time):
Using multiple audio apps? Enable the optional quick player chooser to pick your target player on the fly whenever you open a shared link.

• Smart Link Assistant (Android 12+):
Easily verify and configure Android Open by Default App Links with our interactive 1-tap setup assistant.

• Clipboard Smart-Banner & Native Sharing:
Copied a link? Launch it instantly via the smart dashboard banner, or share links directly from WhatsApp, Telegram, Reddit, or Instagram into SongFlip.

• Universal Web Smart Links & HTML5 Player:
Generate neutral web-share links (songflip.link) featuring an embedded webplayer so friends can listen on any device or browser.

• Quick Settings Tile & App Shortcuts:
Temporarily pause redirection for 15 minutes, 1 hour, or until tomorrow morning directly from your Android Quick Settings shade or home screen long-press.

• Material You Dynamic Color & Themed Icon:
Beautifully follows your system accent colors with full AMOLED dark mode, light mode, and a crisp monochrome Material You home screen icon.

• Promo Code & Voucher Redemption:
Easily redeem promo codes and vouchers directly in the app to unlock PRO perks and extended history.

🔒 PRIVACY & OPEN SOURCE FIRST:
• 100% Open Source (GPLv3 licensed on GitHub)
• No accounts, no sign-ups, no logins required
• Completely ad-free forever
• Zero tracking, no data harvesting, no listening habits logged

Compatible with universal protocols including Songlink / Odesli. Download SongFlip now and bridge songs & podcasts across all streaming services effortlessly!"
en-US,SongFlip: Music Link Redirect,Automatically convert & open song and podcast links in your favorite player.,"A friend sends you a song or podcast on Spotify, but you listen on YouTube Music, Apple Podcasts, or Deezer?

SongFlip is your seamless, zero-click song and podcast link converter and redirect tool for Android. Once enabled, incoming audio links automatically convert in the background and launch directly inside your favorite audio player—no manual searching, no ads, no intermediate browser detours.

Whether switching Spotify to YouTube Music, Apple Podcasts to Pocket Casts, Spotify to Apple Music, or opening tracks identified with Shazam, SongFlip handles audio links instantly as your universal smart link converter.

🚀 KEY FEATURES:

• 10 Streaming Platforms, Podcasts & Shazam:
Seamlessly converts songs and podcasts across Spotify, YouTube Music, Apple Music, Apple Podcasts, Pocket Casts, Deezer, TIDAL, Amazon Music, SoundCloud, and Bandcamp. Includes instant resolution for shared Shazam links!

• Direct Song Search (In-App Search):
Search for tracks and artists directly inside SongFlip and launch playback instantly in your preferred music app with 1-tap Fast Flip—no existing link required.

• QR Code Music Sharing & Scanning:
Generate and scan universal QR codes for songs and albums. Effortlessly share music with friends in person, no matter which streaming service they subscribe to.

• Podcast Converter Engine:
Share full podcast shows or individual episodes across different platforms. SongFlip resolves episode titles automatically and starts playback right inside your favorite podcast player.

• Universal Playlist Converter:
Transfer entire playlists track-by-track between Spotify, Apple Music, YouTube Music, TIDAL, and Deezer—featuring automatic duplicate cleaning, up to 200 tracks, and high-speed multi-tier caching.

• Refine Matches & 1-Tap Favorites:
Easily pick between live recordings, remasters, or alternative versions. Pin your favorite tracks in history with a single tap and manage them via the streamlined quick action menu.

• Instant Track & Episode Playback:
Directly triggers playback inside your target player instead of landing on empty search result pages.

• Quick Player Chooser (Ask Every Time):
Using multiple audio apps? Enable the optional quick player chooser to pick your target player on the fly whenever you open a shared link.

• Smart Link Assistant (Android 12+):
Easily verify and configure Android Open by Default App Links with our interactive 1-tap setup assistant.

• Clipboard Smart-Banner & Native Sharing:
Copied a link? Launch it instantly via the smart dashboard banner, or share links directly from WhatsApp, Telegram, Reddit, or Instagram into SongFlip.

• Universal Web Smart Links & HTML5 Player:
Generate neutral web-share links (songflip.link) featuring an embedded webplayer so friends can listen on any device or browser.

• Quick Settings Tile & App Shortcuts:
Temporarily pause redirection for 15 minutes, 1 hour, or until tomorrow morning directly from your Android Quick Settings shade or home screen long-press.

• Material You Dynamic Color & Themed Icon:
Beautifully follows your system accent colors with full AMOLED dark mode, light mode, and a crisp monochrome Material You home screen icon.

• Promo Code & Voucher Redemption:
Easily redeem promo codes and vouchers directly in the app to unlock PRO perks and extended history.

🔒 PRIVACY & OPEN SOURCE FIRST:
• 100% Open Source (GPLv3 licensed on GitHub)
• No accounts, no sign-ups, no logins required
• Completely ad-free forever
• Zero tracking, no data harvesting, no listening habits logged

Compatible with universal protocols including Songlink / Odesli. Download SongFlip now and bridge songs & podcasts across all streaming services effortlessly!"
es-419,SongFlip: Enlaces de Música,Convierte y abre enlaces de música y podcasts en tu reproductor favorito.,"¿Un amigo te envía una canción o podcast en Spotify, pero tú usas YouTube Music, Apple Podcasts o Deezer?

SongFlip es tu convertidor y redireccionador automático de enlaces de música y podcasts para Android. Una vez configurado, los enlaces recibidos se transforman en segundo plano y se abren al instante en tu reproductor preferido: sin búsquedas manuales, sin publicidad y sin rodeos en el navegador.

Ya sea de Spotify a YouTube Music, de Apple Podcasts a Spotify o enlaces de Shazam: SongFlip abre tus canciones y episodios al instante como tu convertidor inteligente universal.

🚀 FUNCIONES PRINCIPALES:

• 10 Plataformas de Streaming, Podcasts y Shazam:
Convierte sin problemas entre Spotify, YouTube Music, Apple Music, Apple Podcasts, Pocket Casts, Deezer, TIDAL, Amazon Music, SoundCloud y Bandcamp. ¡Ahora con soporte para Shazam!

• Búsqueda directa de canciones (búsqueda en la aplicación):
Busque pistas y artistas directamente dentro de SongFlip e inicie la reproducción instantáneamente en su aplicación de música preferida con Fast Flip con 1 toque, sin necesidad de un enlace existente.

• Código QR para compartir y escanear música:
Genere y escanee códigos QR universales para canciones y álbumes. Comparta música sin esfuerzo con amigos en persona, sin importar a qué servicio de transmisión estén suscritos.

• Motor de Conversión de Podcasts:
Comparte programas completos y episodios individuales entre distintas plataformas. SongFlip resuelve el título del episodio y lo reproduce directamente en tu app de podcasts favorita.

• Convertidor Universal de Playlists:
Transfiera listas de reproducción completas pista por pista entre Spotify, Apple Music, YouTube Music, TIDAL y Deezer, con limpieza automática de duplicados, hasta 200 pistas y almacenamiento en caché de varios niveles de alta velocidad.

• Refinar coincidencias y favoritos de 1 toque:
Elija fácilmente entre grabaciones en vivo, remasterizaciones o versiones alternativas. Fija tus pistas favoritas en el historial con un solo toque y adminístralas a través del menú de acción rápida optimizado.

• Reproducción Inmediata (Instant Playback):
Las canciones y episodios se reproducen directamente en la app de destino en lugar de mostrar resultados vacíos.

• Selector Rápido de Reproductor (Preguntar cada vez):
¿Usas varias apps de audio? Activa el selector rápido para elegir al instante tu reproductor preferido al abrir cualquier enlace.

• Asistente de Configuración Inteligente (Android 12+):
Verifica y configura fácilmente los enlaces predeterminados de tus aplicaciones con un solo toque.

• Smart-Banner de Portapapeles y Menú Compartir:
¿Copiaste un enlace? Ábrelo al instante desde el banner inteligente o compártelo directamente desde WhatsApp, Telegram, Reddit o Instagram hacia SongFlip.

• Enlaces Web Universales y Reproductor Web (Smart Links):
Genera enlaces neutros (songflip.link) con reproductor integrado para que tus amigos escuchen en su servicio favorito sin importar su dispositivo.

• Ajustes Rápidos y Accesos Directos:
Pausa la redirección por 15 minutos, 1 hora o hasta mañana directamente desde el panel de ajustes rápidos de Android.

• Diseño Material You e Icono Temático:
Se adapta a los colores de tu sistema con modo oscuro AMOLED, modo claro e icono monocromático para tu pantalla de inicio.

• Canje de Cupones y Códigos Promo:
Canjea códigos promocionales directamente en la app para desbloquear ventajas PRO y almacenamiento extendido.

🔒 PRIVACIDAD Y CÓDIGO ABIERTO:
• 100 % Código Abierto (licencia GPLv3 en GitHub)
• Sin cuentas, sin registros, sin inicios de sesión
• Totalmente libre de publicidad para siempre
• Cero rastreo, sin recopilación de hábitos de escucha

Compatible con Songlink / Odesli. ¡Descarga SongFlip ahora y disfruta de música y podcasts sin fronteras entre plataformas!"
es-ES,SongFlip: Enlaces de Música,Convierte y abre enlaces de música y podcasts en tu reproductor favorito.,"¿Un amigo te envía una canción o podcast en Spotify, pero tú usas YouTube Music, Apple Podcasts o Deezer?

SongFlip es tu convertidor y redireccionador automático de enlaces de música y podcasts para Android. Una vez configurado, los enlaces recibidos se transforman en segundo plano y se abren al instante en tu reproductor preferido: sin búsquedas manuales, sin publicidad y sin rodeos en el navegador.

Ya sea de Spotify a YouTube Music, de Apple Podcasts a Spotify o enlaces de Shazam: SongFlip abre tus canciones y episodios al instante como tu convertidor inteligente universal.

🚀 FUNCIONES PRINCIPALES:

• 10 Plataformas de Streaming, Podcasts y Shazam:
Convierte sin problemas entre Spotify, YouTube Music, Apple Music, Apple Podcasts, Pocket Casts, Deezer, TIDAL, Amazon Music, SoundCloud y Bandcamp. ¡Ahora con soporte para Shazam!

• Búsqueda directa de canciones (búsqueda en la aplicación):
Busque pistas y artistas directamente dentro de SongFlip e inicie la reproducción instantáneamente en su aplicación de música preferida con Fast Flip con 1 toque, sin necesidad de un enlace existente.

• Código QR para compartir y escanear música:
Genere y escanee códigos QR universales para canciones y álbumes. Comparta música sin esfuerzo con amigos en persona, sin importar a qué servicio de transmisión estén suscritos.

• Motor de Conversión de Podcasts:
Comparte programas completos y episodios individuales entre distintas plataformas. SongFlip resuelve el título del episodio y lo reproduce directamente en tu app de podcasts favorita.

• Convertidor Universal de Playlists:
Transfiera listas de reproducción completas pista por pista entre Spotify, Apple Music, YouTube Music, TIDAL y Deezer, con limpieza automática de duplicados, hasta 200 pistas y almacenamiento en caché de varios niveles de alta velocidad.

• Refinar coincidencias y favoritos de 1 toque:
Elija fácilmente entre grabaciones en vivo, remasterizaciones o versiones alternativas. Fija tus pistas favoritas en el historial con un solo toque y adminístralas a través del menú de acción rápida optimizado.

• Reproducción Inmediata (Instant Playback):
Las canciones y episodios se reproducen directamente en la app de destino en lugar de mostrar resultados vacíos.

• Selector Rápido de Reproductor (Preguntar cada vez):
¿Usas varias apps de audio? Activa el selector rápido para elegir al instante tu reproductor preferido al abrir cualquier enlace.

• Asistente de Configuración Inteligente (Android 12+):
Verifica y configura fácilmente los enlaces predeterminados de tus aplicaciones con un solo toque.

• Smart-Banner de Portapapeles y Menú Compartir:
¿Copiaste un enlace? Ábrelo al instante desde el banner inteligente o compártelo directamente desde WhatsApp, Telegram, Reddit o Instagram hacia SongFlip.

• Enlaces Web Universales y Reproductor Web (Smart Links):
Genera enlaces neutros (songflip.link) con reproductor integrado para que tus amigos escuchen en su servicio favorito sin importar su dispositivo.

• Ajustes Rápidos y Accesos Directos:
Pausa la redirección por 15 minutos, 1 hora o hasta mañana directamente desde el panel de ajustes rápidos de Android.

• Diseño Material You e Icono Temático:
Se adapta a los colores de tu sistema con modo oscuro AMOLED, modo claro e icono monocromático para tu pantalla de inicio.

• Canje de Cupones y Códigos Promo:
Canjea códigos promocionales directamente en la app para desbloquear ventajas PRO y almacenamiento extendido.

🔒 PRIVACIDAD Y CÓDIGO ABIERTO:
• 100 % Código Abierto (licencia GPLv3 en GitHub)
• Sin cuentas, sin registros, sin inicios de sesión
• Totalmente libre de publicidad para siempre
• Cero rastreo, sin recopilación de hábitos de escucha

Compatible con Songlink / Odesli. ¡Descarga SongFlip ahora y disfruta de música y podcasts sin fronteras entre plataformas!"
es-US,SongFlip: Enlaces de Música,Convierte y abre enlaces de música y podcasts en tu reproductor favorito.,"¿Un amigo te envía una canción o podcast en Spotify, pero tú usas YouTube Music, Apple Podcasts o Deezer?

SongFlip es tu convertidor y redireccionador automático de enlaces de música y podcasts para Android. Una vez configurado, los enlaces recibidos se transforman en segundo plano y se abren al instante en tu reproductor preferido: sin búsquedas manuales, sin publicidad y sin rodeos en el navegador.

Ya sea de Spotify a YouTube Music, de Apple Podcasts a Spotify o enlaces de Shazam: SongFlip abre tus canciones y episodios al instante como tu convertidor inteligente universal.

🚀 FUNCIONES PRINCIPALES:

• 10 Plataformas de Streaming, Podcasts y Shazam:
Convierte sin problemas entre Spotify, YouTube Music, Apple Music, Apple Podcasts, Pocket Casts, Deezer, TIDAL, Amazon Music, SoundCloud y Bandcamp. ¡Ahora con soporte para Shazam!

• Búsqueda directa de canciones (búsqueda en la aplicación):
Busque pistas y artistas directamente dentro de SongFlip e inicie la reproducción instantáneamente en su aplicación de música preferida con Fast Flip con 1 toque, sin necesidad de un enlace existente.

• Código QR para compartir y escanear música:
Genere y escanee códigos QR universales para canciones y álbumes. Comparta música sin esfuerzo con amigos en persona, sin importar a qué servicio de transmisión estén suscritos.

• Motor de Conversión de Podcasts:
Comparte programas completos y episodios individuales entre distintas plataformas. SongFlip resuelve el título del episodio y lo reproduce directamente en tu app de podcasts favorita.

• Convertidor Universal de Playlists:
Transfiera listas de reproducción completas pista por pista entre Spotify, Apple Music, YouTube Music, TIDAL y Deezer, con limpieza automática de duplicados, hasta 200 pistas y almacenamiento en caché de varios niveles de alta velocidad.

• Refinar coincidencias y favoritos de 1 toque:
Elija fácilmente entre grabaciones en vivo, remasterizaciones o versiones alternativas. Fija tus pistas favoritas en el historial con un solo toque y adminístralas a través del menú de acción rápida optimizado.

• Reproducción Inmediata (Instant Playback):
Las canciones y episodios se reproducen directamente en la app de destino en lugar de mostrar resultados vacíos.

• Selector Rápido de Reproductor (Preguntar cada vez):
¿Usas varias apps de audio? Activa el selector rápido para elegir al instante tu reproductor preferido al abrir cualquier enlace.

• Asistente de Configuración Inteligente (Android 12+):
Verifica y configura fácilmente los enlaces predeterminados de tus aplicaciones con un solo toque.

• Smart-Banner de Portapapeles y Menú Compartir:
¿Copiaste un enlace? Ábrelo al instante desde el banner inteligente o compártelo directamente desde WhatsApp, Telegram, Reddit o Instagram hacia SongFlip.

• Enlaces Web Universales y Reproductor Web (Smart Links):
Genera enlaces neutros (songflip.link) con reproductor integrado para que tus amigos escuchen en su servicio favorito sin importar su dispositivo.

• Ajustes Rápidos y Accesos Directos:
Pausa la redirección por 15 minutos, 1 hora o hasta mañana directamente desde el panel de ajustes rápidos de Android.

• Diseño Material You e Icono Temático:
Se adapta a los colores de tu sistema con modo oscuro AMOLED, modo claro e icono monocromático para tu pantalla de inicio.

• Canje de Cupones y Códigos Promo:
Canjea códigos promocionales directamente en la app para desbloquear ventajas PRO y almacenamiento extendido.

🔒 PRIVACIDAD Y CÓDIGO ABIERTO:
• 100 % Código Abierto (licencia GPLv3 en GitHub)
• Sin cuentas, sin registros, sin inicios de sesión
• Totalmente libre de publicidad para siempre
• Cero rastreo, sin recopilación de hábitos de escucha

Compatible con Songlink / Odesli. ¡Descarga SongFlip ahora y disfruta de música y podcasts sin fronteras entre plataformas!"
fi-FI,SongFlip: Musiikkilinkit,Muunna ja avaa musiikki- ja podcast-linkit suosikkisoittimessasi (0 klik).,"Lähettääkö ystäväsi kappaleen tai podcastin Spotifyssa, mutta käytät itse YouTube Musicia, Apple Podcastsia tai Deezeriä?

SongFlip on älykäs ja saumaton musiikki- ja podcast-linkkien muuntaja Androidille. Asennuksen jälkeen vastaanotetut linkit muunnetaan automaattisesti taustalla ja avataan suoraan haluamassasi soittimessa — ilman manuaalista hakua tai ärsyttäviä välisivuja.

Olipa kyseessä Spotify YouTube Musiciin, Apple Podcasts Spotifyyn tai Shazamin kautta jaetut kappaleet: SongFlip hoitaa muunnoksen välittömästi.

🚀 TÄRKEIMMÄT OMINAISUUDET:

• 10 Suoratoisto- ja Podcast-alustaa sekä Shazam:
Muunna saumattomasti Spotifyn, YouTube Musicin, Apple Musicin, Apple Podcastsin, Pocket Castsin, Deezerin, TIDALin, Amazon Musicin, SoundCloudin ja Bandcampin välillä. Tukee myös Shazam-linkkejä!

• Suora kappalehaku (sovelluksen sisäinen haku):
Etsi kappaleita ja artisteja suoraan SongFlipistä ja aloita toisto välittömästi haluamassasi musiikkisovelluksessa yhdellä napautuksella Fast Flipillä – olemassa olevaa linkkiä ei tarvita.

• QR-koodin musiikin jakaminen ja skannaus:
Luo ja skannaa yleisiä QR-koodeja kappaleille ja albumeille. Jaa musiikkia vaivattomasti ystävien kanssa henkilökohtaisesti riippumatta siitä, minkä suoratoistopalvelun he tilaavat.

• Podcast-Muunnin:
Jaa podcast-ohjelmia ja yksittäisiä jaksoja eri alustojen välillä. SongFlip löytää jakson ja käynnistää sen suosikkipodcast-sovelluksessasi.

• Universaali Soittolistamuunnin:
Siirrä kokonaisia ​​soittolistoja kappaleittain Spotifyn, Apple Musicin, YouTube Musicin, TIDALin ja Deezerin välillä – automaattinen kaksoispuhdistus, jopa 200 raitaa ja nopea monitasoinen välimuisti.

• Tarkenna osumia ja yhden napautuksen suosikkeja:
Valitse helposti live-tallenteiden, remasterien tai vaihtoehtoisten versioiden välillä. Kiinnitä suosikkikappaleesi historiaan yhdellä napautuksella ja hallitse niitä virtaviivaistetun pikatoimintovalikon kautta.

• Välitön Toisto (Instant Playback):
Käynnistää kappaleen tai jakson suoraan kohdesoittimessa tyhjien hakutulossivujen sijaan.

• Nopea Soittimen Valinta (Kysy joka kerta):
Käytätkö useita äänisovelluksia? Valitse kohdesoitin lennosta aina linkkiä avattaessa.

• Älykäs Asennusavustaja (Android 12+):
Määritä sovelluksen oletuslinkit helposti yhdellä napautuksella.

• Leikepöydän Älybanneri & Jakovalikko:
Kopioitko linkin? Avaa se heti älybannerista tai jaa suoraan WhatsAppista, Telegramista tai Instagramista SongFlipiin.

• Universaalit Web-Linkit & Web-Soitin (songflip.link):
Luo neutraaleja linkkejä integroidulla web-soittimella, jotta ystäväsi voivat kuunnella millä tahansa laitteella.

• Pika-asetusruutu & Pikakuvakkeet:
Keskeytä uudelleenohjaus 15 minuutiksi, 1 tunniksi tai huomisaamuun asti suoraan pika-asetuksista.

• Material You -Muotoilu & Teemakuvake:
Mukautuu järjestelmäsi väreihin AMOLED-tummalla tilalla ja selkeällä monokromaattisella kuvakkeella.

• Kampanjakoodien ja Kuponkien Lunastus:
Lunasta kampanjakoodit suoraan sovelluksessa avataksesi PRO-ominaisuudet.

🔒 TIETOSUOJA & AVOIN LÄHDEKOODI:
• 100 % Avointa lähdekoodia (GPLv3-lisensoitu GitHubissa)
• Ei käyttäjätilejä, rekisteröintiä tai kirjautumista
• Täysin mainokseton ikuisesti
• Ei tietojen seurantaa tai kuuntelutottumusten tallentamista

Yhteensopiva Songlink / Odesli -protokollien kanssa. Lataa SongFlip nyt ja nauti musiikista ja podcasteista ilman alustarajoja!"
fr-CA,SongFlip: Liens Musicaux,Convertissez liens de musique et podcasts dans votre lecteur favori (0 clic).,"Un ami vous envoie un morceau ou un podcast sur Spotify, mais vous utilisez YouTube Music, Apple Podcasts ou Deezer ?

SongFlip est votre convertisseur et redirecteur de liens musicaux et podcasts intelligent pour Android. Une fois activé, les liens reçus sont automatiquement convertis en arrière-plan et s'ouvrent directement dans votre application préférée, sans recherche manuelle ni pages intermédiaires.

Que ce soit de Spotify vers YouTube Music, d'Apple Podcasts vers Spotify ou des liens Shazam : SongFlip traite vos liens instantanément en tant que convertisseur intelligent universel.

🚀 FONCTIONNALITÉS CLÉS :

• 10 Plateformes de Streaming, Podcasts & Shazam :
Convertit en toute transparence entre Spotify, YouTube Music, Apple Music, Apple Podcasts, Pocket Casts, Deezer, TIDAL, Amazon Music, SoundCloud et Bandcamp. Intègre également la prise en charge rapide des liens Shazam !

• Recherche directe de chansons (recherche intégrée à l'application) :
Recherchez des morceaux et des artistes directement dans SongFlip et lancez la lecture instantanément dans votre application musicale préférée avec Fast Flip en 1 clic, aucun lien existant n'est requis.

• Partage et numérisation de musique par code QR :
Générez et scannez des codes QR universels pour les chansons et les albums. Partagez sans effort de la musique avec vos amis en personne, quel que soit le service de streaming auquel ils sont abonnés.

• Moteur de Conversion de Podcasts :
Partagez des émissions et des épisodes complets entre différentes plateformes. SongFlip identifie automatiquement l'épisode et le lance directement dans votre lecteur de podcast favori.

• Convertisseur Universel de Playlists :
Transférez des listes de lecture entières, piste par piste, entre Spotify, Apple Music, YouTube Music, TIDAL et Deezer, avec un nettoyage automatique des doublons, jusqu'à 200 pistes et une mise en cache multiniveau haute vitesse.

• Affiner les correspondances et les favoris en un clic :
Choisissez facilement entre des enregistrements en direct, des remasters ou des versions alternatives. Épinglez vos morceaux préférés dans l'historique d'un simple clic et gérez-les via le menu d'action rapide simplifié.

• Lecture Immédiate (Instant Playback) :
Lance directement la lecture du titre ou de l'épisode dans l'application cible sans vous laisser sur une page de recherche.

• Sélecteur Rapide de Lecteur (Demander à chaque fois) :
Vous utilisez plusieurs applications audio ? Activez le sélecteur rapide optionnel pour choisir votre lecteur cible à la volée.

• Assistant de Configuration Intelligent (Android 12+) :
Configurez facilement l'ouverture par défaut des liens d'application grâce à notre assistant interactif en 1 clic.

• Bannière Presse-papiers & Menu Partager :
Lien copié ? Lancez-le immédiatement depuis le tableau de bord ou partagez-le depuis WhatsApp, Telegram, Reddit ou Instagram vers SongFlip.

• Liens Web Universels & Lecteur Web (Smart Links) :
Générez des liens web universels (songflip.link) avec lecteur intégré pour que vos proches puissent écouter sur la plateforme de leur choix.

• Tuile Réglages Rapides & Raccourcis :
Mettez la redirection en pause pendant 15 minutes, 1 heure ou jusqu'au lendemain matin depuis vos réglages rapides Android.

• Design Material You & Icône Thématique :
S'adapte parfaitement aux couleurs de votre système (mode sombre AMOLED, mode clair) avec icône monochrome Material You.

• Utilisation de Codes Promo & Vouchers :
Activez vos codes promotionnels directement dans l'application pour débloquer les fonctionnalités PRO.

🔒 VIE PRIVÉE ET OPEN SOURCE :
• 100 % Open Source (licence GPLv3 sur GitHub)
• Aucun compte, aucune inscription requise
• Entièrement sans publicité, pour toujours
• Zéro suivi ni collecte de données

Compatible avec Songlink / Odesli. Téléchargez SongFlip dès maintenant et libérez votre musique et vos podcasts de toutes les barrières !"
fr-FR,SongFlip: Liens Musicaux,Convertissez liens de musique et podcasts dans votre lecteur favori (0 clic).,"Un ami vous envoie un morceau ou un podcast sur Spotify, mais vous utilisez YouTube Music, Apple Podcasts ou Deezer ?

SongFlip est votre convertisseur et redirecteur de liens musicaux et podcasts intelligent pour Android. Une fois activé, les liens reçus sont automatiquement convertis en arrière-plan et s'ouvrent directement dans votre application préférée, sans recherche manuelle ni pages intermédiaires.

Que ce soit de Spotify vers YouTube Music, d'Apple Podcasts vers Spotify ou des liens Shazam : SongFlip traite vos liens instantanément en tant que convertisseur intelligent universel.

🚀 FONCTIONNALITÉS CLÉS :

• 10 Plateformes de Streaming, Podcasts & Shazam :
Convertit en toute transparence entre Spotify, YouTube Music, Apple Music, Apple Podcasts, Pocket Casts, Deezer, TIDAL, Amazon Music, SoundCloud et Bandcamp. Intègre également la prise en charge rapide des liens Shazam !

• Recherche directe de chansons (recherche intégrée à l'application) :
Recherchez des morceaux et des artistes directement dans SongFlip et lancez la lecture instantanément dans votre application musicale préférée avec Fast Flip en 1 clic, aucun lien existant n'est requis.

• Partage et numérisation de musique par code QR :
Générez et scannez des codes QR universels pour les chansons et les albums. Partagez sans effort de la musique avec vos amis en personne, quel que soit le service de streaming auquel ils sont abonnés.

• Moteur de Conversion de Podcasts :
Partagez des émissions et des épisodes complets entre différentes plateformes. SongFlip identifie automatiquement l'épisode et le lance directement dans votre lecteur de podcast favori.

• Convertisseur Universel de Playlists :
Transférez des listes de lecture entières, piste par piste, entre Spotify, Apple Music, YouTube Music, TIDAL et Deezer, avec un nettoyage automatique des doublons, jusqu'à 200 pistes et une mise en cache multiniveau haute vitesse.

• Affiner les correspondances et les favoris en un clic :
Choisissez facilement entre des enregistrements en direct, des remasters ou des versions alternatives. Épinglez vos morceaux préférés dans l'historique d'un simple clic et gérez-les via le menu d'action rapide simplifié.

• Lecture Immédiate (Instant Playback) :
Lance directement la lecture du titre ou de l'épisode dans l'application cible sans vous laisser sur une page de recherche.

• Sélecteur Rapide de Lecteur (Demander à chaque fois) :
Vous utilisez plusieurs applications audio ? Activez le sélecteur rapide optionnel pour choisir votre lecteur cible à la volée.

• Assistant de Configuration Intelligent (Android 12+) :
Configurez facilement l'ouverture par défaut des liens d'application grâce à notre assistant interactif en 1 clic.

• Bannière Presse-papiers & Menu Partager :
Lien copié ? Lancez-le immédiatement depuis le tableau de bord ou partagez-le depuis WhatsApp, Telegram, Reddit ou Instagram vers SongFlip.

• Liens Web Universels & Lecteur Web (Smart Links) :
Générez des liens web universels (songflip.link) avec lecteur intégré pour que vos proches puissent écouter sur la plateforme de leur choix.

• Tuile Réglages Rapides & Raccourcis :
Mettez la redirection en pause pendant 15 minutes, 1 heure ou jusqu'au lendemain matin depuis vos réglages rapides Android.

• Design Material You & Icône Thématique :
S'adapte parfaitement aux couleurs de votre système (mode sombre AMOLED, mode clair) avec icône monochrome Material You.

• Utilisation de Codes Promo & Vouchers :
Activez vos codes promotionnels directement dans l'application pour débloquer les fonctionnalités PRO.

🔒 VIE PRIVÉE ET OPEN SOURCE :
• 100 % Open Source (licence GPLv3 sur GitHub)
• Aucun compte, aucune inscription requise
• Entièrement sans publicité, pour toujours
• Zéro suivi ni collecte de données

Compatible avec Songlink / Odesli. Téléchargez SongFlip dès maintenant et libérez votre musique et vos podcasts de toutes les barrières !"
hi-IN,SongFlip: म्यूज़िक लिंक,म्यूज़िक और पॉडकास्ट लिंक अपने पसंदीदा प्लेयर में तुरंत खोलें (0 क्लिक)।,"किसी दोस्त ने Spotify पर गाना या पॉडकास्ट भेजा, लेकिन आप YouTube Music, Apple Podcasts या Deezer इस्तेमाल करते हैं?

SongFlip Android के लिए एक स्मार्ट और ऑटोमैटिक ऑडियो लिंक कनवर्टर है। सेट अप करने के बाद, मिलने वाले म्यूज़िक और पॉडकास्ट लिंक बैकग्राउंड में तुरंत बदल जाते हैं और सीधे आपके पसंदीदा प्लेयर में खुलते हैं — बिना किसी सर्च या विज्ञापन के।

Spotify से YouTube Music, Apple Podcasts से Spotify या Shazam ट्रैक्स: SongFlip हर लिंक को तुरंत आपके पसंदीदा ऐप में बदल देता है।

🚀 मुख्य विशेषताएं:

• 10 म्यूज़िक व पॉडकास्ट प्लेटफॉर्म और Shazam:
Spotify, YouTube Music, Apple Music, Apple Podcasts, Pocket Casts, Deezer, TIDAL, Amazon Music, SoundCloud और Bandcamp के बीच आसानी से लिंक बदलें। अब Shazam लिंक भी समर्थित हैं!

• प्रत्यक्ष गीत खोज (इन-ऐप खोज):
सीधे सॉन्गफ्लिप के अंदर ट्रैक और कलाकारों को खोजें और 1-टैप फास्ट फ्लिप के साथ अपने पसंदीदा संगीत ऐप में तुरंत प्लेबैक लॉन्च करें - किसी मौजूदा लिंक की आवश्यकता नहीं है।

• क्यूआर कोड संगीत साझाकरण और स्कैनिंग:
गानों और एल्बमों के लिए यूनिवर्सल क्यूआर कोड बनाएं और स्कैन करें। मित्रों के साथ सहजता से व्यक्तिगत रूप से संगीत साझा करें, चाहे वे किसी भी स्ट्रीमिंग सेवा की सदस्यता लें।

• पॉडकास्ट कनवर्टर इंजन:
पॉडकास्ट शो और एपिसोड्स को अलग-अलग ऐप्स के बीच साझा करें। SongFlip एपिसोड ढूंढकर सीधे आपके पसंदीदा पॉडकास्ट ऐप में शुरू करता है।

• यूनिवर्सल प्लेलिस्ट कनवर्टर:
Spotify, Apple Music, YouTube Music, TIDAL और Deezer के बीच संपूर्ण प्लेलिस्ट को ट्रैक-दर-ट्रैक स्थानांतरित करें—जिसमें स्वचालित डुप्लिकेट सफाई, 200 ट्रैक तक और हाई-स्पीड मल्टी-टियर कैशिंग शामिल है।

• मिलान और 1-टैप पसंदीदा परिष्कृत करें:
लाइव रिकॉर्डिंग, रीमास्टर या वैकल्पिक संस्करणों के बीच आसानी से चयन करें। इतिहास में अपने पसंदीदा ट्रैक को एक टैप से पिन करें और उन्हें सुव्यवस्थित त्वरित कार्रवाई मेनू के माध्यम से प्रबंधित करें।

• इंस्टेंट प्लेबैक (Instant Playback):
सर्च रिजल्ट पेज के बजाय सीधे लक्ष्य ऐप में गाना या एपिसोड चालू होता है।

• क्विक प्लेयर चयनकर्ता (हर बार पूछें):
कई ऑडियो ऐप्स इस्तेमाल करते हैं? लिंक खोलते समय तुरंत अपना पसंदीदा प्लेयर चुनने के लिए क्विक पिकर चालू करें।

• स्मार्ट सेटअप असिस्टेंट (Android 12+):
1-टैप में डिफ़ॉल्ट ऐप लिंक सेटअप करने की आसान गाइड।

• क्लिपबोर्ड स्मार्ट-बैनर और शेयर मेनू:
लिंक कॉपी करें या WhatsApp, Telegram, Instagram से सीधे SongFlip में शेयर करके सुनें।

• यूनिवर्सल वेब स्मार्ट लिंक (songflip.link):
दोस्तों के लिए बिल्ट-इन वेब प्लेयर वाले न्यूट्रल लिंक बनाएं ताकि वे किसी भी डिवाइस पर सुन सकें।

• क्विक सेटिंग्स टाइल और शॉर्टकट:
नोटिफिकेशन पैनल से 15 मिनट या 1 घंटे के लिए रीडायरेक्ट रोकें।

• Material You डिज़ाइन और थीम वाला आइकन:
AMOLED डार्क मोड और सिस्टम कलर मैचिंग।

• प्रोमो कोड और वाउचर रिडेम्पशन:
PRO फीचर्स अनलॉक करने के लिए ऐप में सीधे प्रोमो कोड दर्ज करें।

🔒 गोपनीयता और ओपन सोर्स:
• 100% ओपन सोर्स (GitHub पर GPLv3)
• कोई अकाउंट या लॉगिन ज़रूरी नहीं
• हमेशा पूरी तरह विज्ञापन-मुक्त
• शून्य ट्रैकिंग, कोई डेटा एकत्र नहीं किया जाता

Songlink / Odesli के साथ संगत। अभी SongFlip डाउनलोड करें और बिना किसी रुकावट के म्यूज़िक और पॉडकास्ट का आनंद लें!"
hu-HU,SongFlip: Zenei Linkek,Nyisd meg a zenei és podcast linkeket kedvenc lejátszódban automatikusan.,"Egy barátod átküldött egy dalt vagy podcastot Spotifyon, de te YouTube Musicot, Apple Podcastst vagy Deezert használsz?

A SongFlip egy intelligens, 0-kattintásos zenei és podcast linkátalakító és átirányító Androidra. A beállítás után a kapott linkek a háttérben automatikusan átalakulnak és közvetlenül a kedvenc lejátszódban indulnak el — kézi keresés, hirdetések és idegesítő köztes oldalak nélkül.

Legyen szó Spotifyról YouTube Musicra, Apple Podcastsról Spotifyra vagy megosztott Shazam zenékről: a SongFlip azonnal megoldja univerzális okoslink-átalakítóként.

🚀 FŐBB FUNKCIÓK:

• 10 Zenei és Podcast Platform & Shazam:
Zökkenőmentes átalakítás a Spotify, YouTube Music, Apple Music, Apple Podcasts, Pocket Casts, Deezer, TIDAL, Amazon Music, SoundCloud és Bandcamp között. Shazam linkeket is támogat!

• Közvetlen dalkeresés (alkalmazáson belüli keresés):
Keressen számokat és előadókat közvetlenül a SongFlipben, és azonnal indítsa el a lejátszást kedvenc zenei alkalmazásában az 1 érintéssel történő Fast Flip funkcióval – nincs szükség meglévő hivatkozásra.

• QR kódos zenemegosztás és beolvasás:
Generáljon és olvasson be univerzális QR-kódokat dalokhoz és albumokhoz. Könnyedén megoszthat zenét barátaival személyesen, függetlenül attól, hogy melyik streaming szolgáltatásra fizetnek elő.

• Podcast Átalakító Motor:
Oszd meg a podcast műsorokat és egyes epizódokat a különböző platformok között. A SongFlip megkeresi az epizódot és elindítja a kedvenc podcast appodban.

• Univerzális Lejátszási Lista Átalakító:
A teljes lejátszási listákat sávonként vigye át a Spotify, az Apple Music, a YouTube Music, a TIDAL és a Deezer között – automatikus duplikált tisztítással, akár 200 számmal és nagy sebességű, többszintű gyorsítótárazással.

• Egyezések finomítása és kedvencek egy koppintással:
Könnyedén választhat az élő felvételek, a remasterek vagy az alternatív verziók között. Rögzítse kedvenc zeneszámait a történelemben egyetlen érintéssel, és kezelje őket az egyszerűsített gyorsműveleti menün keresztül.

• Azonnali Lejátszás (Instant Playback):
A szám vagy epizód közvetlenül a céllejátszóban indul el az üres keresési oldalak helyett.

• Gyors Lejátszóválasztó (Kérdezzen minden alkalommal):
Több audio appot használsz? Válaszd ki azonnal a kívánt lejátszót minden link megnyitásakor.

• Intelligens Beállítási Segéd (Android 12+):
Állítsd be az alapértelmezett alkalmazáslinkeket könnyedén, 1 érintéssel.

• Vágólap Okos-Szalagcím & Megosztás Menü:
Kimásoltál egy linket? Nyisd meg azonnal az okos-szalagcímről vagy oszd meg WhatsAppból, Telegramból vagy Instagramból a SongFlipbe.

• Univerzális Webes Okoslinkek & Weblejátszó (songflip.link):
Hozz létre semleges linkeket beépített weblejátszóval, hogy barátaid bármilyen eszközön meghallgathassák.

• Gyorsbeállítások Csempe & Parancsikonok:
Szüneteltesd az átirányítást 15 percre, 1 órára vagy holnap reggelig a gyorsbeállítások panelről.

• Material You Design & Téma Ikon:
Tökéletesen illeszkedik a rendszer színeihez AMOLED sötét móddal és monokróm ikonnal.

• Promóciós Kódok & Kuponok Beváltása:
Válts be kuponkódokat közvetlenül az alkalmazásban a PRO funkciók feloldásához.

🔒 ADATVÉDELEM ÉS NYÍLT FORRÁSKÓD:
• 100% Nyílt forráskód (GPLv3 licenc a GitHubon)
• Nincs felhasználói fiók vagy regisztráció
• Teljesen reklámmentes örökre
• Nulla adatkövetés és szokáselemzés

Kompatibilis a Songlink / Odesli szabvánnyal. Töltsd le a SongFlipet most, és élvezd a zenéket és podcastokat határok nélkül!"
id,SongFlip: Pengalih Musik,Konversi dan buka tautan musik & podcast di pemutar favorit Anda (0 klik).,"Teman mengirimi Anda lagu atau podcast di Spotify, tetapi Anda menggunakan YouTube Music, Apple Podcasts, atau Deezer?

SongFlip adalah pengonversi dan pengalih tautan musik & podcast cerdas tanpa klik untuk Android. Setelah diatur, tautan yang diterima otomatis dikonversi di latar belakang dan langsung diputar di pemutar audio favorit Anda — tanpa pencarian manual atau iklan.

Dari Spotify ke YouTube Music, Apple Podcasts ke Spotify, hingga lagu Shazam: SongFlip menyelesaikannya secara instan sebagai pengonversi smart link universal Anda.

🚀 FITUR UTAMA:

• 10 Platform Musik, Podcast & Shazam:
Konversi mulus antara Spotify, YouTube Music, Apple Music, Apple Podcasts, Pocket Casts, Deezer, TIDAL, Amazon Music, SoundCloud, dan Bandcamp. Mendukung tautan Shazam!

• Pencarian Lagu Langsung (Pencarian Dalam Aplikasi):
Cari lagu dan artis langsung di dalam SongFlip dan luncurkan pemutaran secara instan di aplikasi musik pilihan Anda dengan Fast Flip 1-ketuk—tidak perlu tautan apa pun.

• Berbagi & Memindai Musik Kode QR:
Hasilkan dan pindai kode QR universal untuk lagu dan album. Berbagi musik dengan mudah kepada teman secara langsung, apa pun layanan streaming langganan mereka.

• Mesin Konverter Podcast:
Bagikan acara podcast dan episode antar platform berbeda. SongFlip menemukan episode dan memutarnya langsung di aplikasi podcast pilihan Anda.

• Pengonversi Playlist Universal:
Transfer seluruh daftar putar lagu demi lagu antara Spotify, Apple Music, YouTube Music, TIDAL, dan Deezer—dengan fitur pembersihan duplikat otomatis, hingga 200 lagu, dan caching multi-tingkat berkecepatan tinggi.

• Perbaiki Kecocokan & Favorit 1-Ketuk:
Pilih dengan mudah antara rekaman live, remaster, atau versi alternatif. Sematkan trek favorit Anda dalam riwayat dengan satu ketukan dan kelola melalui menu tindakan cepat yang disederhanakan.

• Pemutaran Instan (Instant Playback):
Memulai lagu atau episode langsung di pemutar tujuan alih-alih menampilkan halaman pencarian kosong.

• Pemilih Pemutar Cepat (Tanya Setiap Saat):
Menggunakan beberapa aplikasi audio? Aktifkan pemilih cepat untuk memilih pemutar tujuan secara instan setiap kali membuka tautan.

• Asisten Pengaturan Pintar (Android 12+):
Konfigurasikan tautan aplikasi default dengan mudah melalui asisten interaktif 1 ketukan.

• Smart-Banner Papan Klip & Menu Berbagi:
Salin tautan musik atau bagikan langsung dari WhatsApp, Telegram, Reddit, atau Instagram ke SongFlip.

• Smart Link Web Universal & Pemutar Web (songflip.link):
Buat tautan netral dengan pemutar web bawaan agar teman dapat mendengarkan di perangkat apa pun.

• Tombol Pengaturan Cepat & Pintasan:
Jeda pengalihan selama 15 menit, 1 jam, atau hingga besok pagi langsung dari panel Pengaturan Cepat.

• Desain Material You & Ikon Bertema:
Mendukung mode gelap AMOLED dan warna dinamis yang menyatu indah dengan sistem Anda.

• Penukaran Kode Promo & Voucher:
Tukarkan kode promo langsung di aplikasi untuk membuka fitur PRO.

🔒 PRIVASI & SUMBER TERBUKA:
• 100% Sumber Terbuka (lisensi GPLv3 di GitHub)
• Tanpa akun, tanpa registrasi, tanpa login
• Sepenuhnya bebas iklan selamanya
• Tanpa pelacakan atau pengumpulan data

Kompatibel dengan Songlink / Odesli. Unduh SongFlip sekarang dan nikmati musik serta podcast lintas platform tanpa batas!"
it-IT,SongFlip: Link Musicali,Converti e apri link di musica e podcast nella tua app preferita (0 clic).,"Un amico ti invia un brano o un podcast su Spotify, ma tu usi YouTube Music, Apple Podcasts o Deezer?

SongFlip è il tuo convertitore e reindirizzatore intelligente di link musicali e podcast per Android. Una volta attivato, i link ricevuti vengono convertiti automaticamente in background e aperti all'istante nel tuo lettore preferito, senza ricerche manuali o fastidiose pagine intermedie.

Da Spotify a YouTube Music, da Apple Podcasts a Spotify o link condivisi da Shazam: SongFlip gestisce i link all'istante come tuo convertitore smart universale.

🚀 CARATTERISTICHE PRINCIPALI:

• 10 Piattaforme di Streaming, Podcast & Shazam:
Converte senza problemi tra Spotify, YouTube Music, Apple Music, Apple Podcasts, Pocket Casts, Deezer, TIDAL, Amazon Music, SoundCloud e Bandcamp. Ora supporta anche i link condivisi da Shazam!

• Ricerca diretta dei brani (ricerca in-app):
Cerca brani e artisti direttamente all'interno di SongFlip e avvia immediatamente la riproduzione nella tua app musicale preferita con Fast Flip con un solo tocco: non è richiesto alcun collegamento esistente.

• Condivisione e scansione di musica con codice QR:
Genera e scansiona codici QR universali per brani e album. Condividi facilmente la musica con gli amici di persona, indipendentemente dal servizio di streaming a cui sono abbonati.

• Motore di Conversione Podcast:
Condividi show completi ed episodi singoli tra diverse piattaforme. SongFlip trova automaticamente l'episodio e lo avvia direttamente nella tua app podcast preferita.

• Convertitore Universale di Playlist:
Trasferisci intere playlist traccia per traccia tra Spotify, Apple Music, YouTube Music, TIDAL e Deezer, con pulizia automatica dei duplicati, fino a 200 tracce e caching multilivello ad alta velocità.

• Perfeziona corrispondenze e preferiti con un solo tocco:
Scegli facilmente tra registrazioni dal vivo, rimasterizzazioni o versioni alternative. Appunta i tuoi brani preferiti nella cronologia con un solo tocco e gestiscili tramite il menu di azione rapida semplificato.

• Riproduzione Immediata (Instant Playback):
Avvia direttamente il brano o l'episodio nel lettore di destinazione anziché mostrare pagine di ricerca vuote.

• Selettore Rapido del Lettore (Chiedi ogni volta):
Usi più app audio? Attiva il selettore rapido opzionale per scegliere al volo il tuo lettore preferito ogni volta che apri un link.

• Assistente di Configurazione Intelligente (Android 12+):
Configura facilmente i link predefiniti delle app con il nostro assistente interattivo in un tocco.

• Smart-Banner Appunti & Condivisione Diretta:
Hai copiato un link? Avvialo subito dal banner intelligente o condividi brani da WhatsApp, Telegram, Reddit o Instagram su SongFlip.

• Smart Link Web Universali & Web Player:
Crea link web neutri (songflip.link) con lettore integrato affinché i tuoi amici possano ascoltare su qualsiasi dispositivo.

• Riquadro Impostazioni Rapide & Scorciatoie:
Metti in pausa il reindirizzamento per 15 minuti, 1 ora o fino a domani direttamente dal pannello delle impostazioni rapide.

• Design Material You & Icona a Tema:
Segue i colori del tuo sistema con modalità scura AMOLED, tema chiaro e icona monocromatica per la schermata home.

• Riscatto Codici Promozionali & Voucher:
Inserisci i tuoi codici promo direttamente nell'app per sbloccare i vantaggi PRO.

🔒 PRIVACY E OPEN SOURCE:
• 100% Open Source (licenza GPLv3 su GitHub)
• Nessun account, nessuna registrazione richiesta
• Completamente senza pubblicità per sempre
• Zero tracciamento, nessun dato raccolto

Compatibile con Songlink / Odesli. Scarica SongFlip ora e ascolta musica e podcast senza barriere tra servizi di streaming!"
ja-JP,SongFlip: 音楽リンク 変換,音楽やポッドキャストのリンクをお気に入りのアプリで即座に自動再生。,"友達からSpotifyの曲やポッドキャストが送られてきたのに、あなたが使っているのはYouTube MusicやApple Podcasts、Deezerですか？

SongFlipは、Android向けのシームレスな自動音楽・ポッドキャストリンク変換アプリです。設定すれば、届いたリンクがバックグラウンドで瞬時に変換され、お好みのプレーヤーで直接再生されます。手動検索や煩わしいブラウザの中継ページは一切不要です。

SpotifyからYouTube Music、Apple PodcastsからSpotify、Shazamで認識した楽曲まで、SongFlipがユニバーサルスマートリンクとして瞬時に解決します。

🚀 主な機能：

• 10大音楽配信・ポッドキャストサービス＆Shazam対応：
Spotify、YouTube Music、Apple Music、Apple Podcasts、Pocket Casts、Deezer、TIDAL、Amazon Music、SoundCloud、Bandcamp間でスムーズに変換。Shazamリンクにも対応！

• 直接曲検索 (アプリ内検索):
SongFlip 内でトラックやアーティストを直接検索し、1 タップのファスト フリップで好みの音楽アプリですぐに再生を開始できます。既存のリンクは必要ありません。

• QR コード音楽の共有とスキャン:
曲やアルバムのユニバーサル QR コードを生成してスキャンします。どのストリーミング サービスに加入しているかに関係なく、友達と直接音楽を簡単に共有できます。

• ポッドキャスト変換エンジン：
番組全体や個別エピソードを異なるサービス間で共有可能。エピソード名を自動解析し、お気に入りのポッドキャストアプリで直接再生します。

• ユニバーサル・プレイリスト変換：
Spotify、Apple Music、YouTube Music、TIDAL、Deezer 間でプレイリスト全体をトラックごとに転送します。自動重複クリーニング機能、最大 200 トラック、高速多層キャッシュ機能を備えています。

• マッチの絞り込みと 1 タップのお気に入り:
ライブ録音、リマスター、代替バージョンから簡単に選択できます。シングルタップでお気に入りのトラックを履歴に固定し、合理化されたクイックアクションメニューで管理します。

• ダイレクト即時再生 (Instant Playback)：
検索結果ページを挟まず、目的のプレーヤーで直接楽曲・エピソードを再生開始。

• クイックプレーヤー選択機能（毎回確認）：
複数の音楽アプリをお使いの場合、リンクを開くたびに対象アプリをすばやく選べるセレクターを搭載。

• スマート設定アシスタント (Android 12+)：
1タップでデフォルトのアプリリンク設定を簡単に確認・完了できます。

• クリップボード自動検知＆共有メニュー連携：
コピーしたリンクを即座に開いたり、LINE、WhatsApp、X、Instagramから直接SongFlipへ共有可能。

• 共有用Webスマートリンク＆Webプレーヤー (songflip.link)：
どの端末からでもブラウザですぐに聴けるWebプレーヤー付きスマートリンクを作成。

• クイック設定タイル＆アプリアイコン長押しショートカット：
クイック設定から15分、1時間、または翌朝までリダイレクトを一時停止できます。

• Material You デザイン＆テーマ対応アイコン：
Dynamic Color、AMOLEDダークモード、モノクロアプリアイコンに完全対応。

• プロモコード・クーポン適用：
アプリ内でプロモコードを入力し、PRO機能を即座にアンロック可能。

🔒 プライバシー重視＆オープンソース：
• 100% オープンソース（GitHubにてGPLv3公開）
• アカウント作成・ログイン不要
• 広告は完全非表示
• 個人データや再生履歴のトラッキングなし

Songlink / Odesli規格対応。今すぐSongFlipをダウンロードして、プラットフォームの壁を越えて音楽とポッドキャストを楽しみましょう！"
ko-KR,SongFlip: 음악 링크 변환기,음악 및 팟캐스트 링크를 원하는 플레이어에서 자동으로 즉시 엽니다.,"친구가 Spotify 음악이나 팟캐스트 링크를 보냈는데, YouTube Music이나 Apple Podcasts, Deezer를 사용하고 계신가요?

SongFlip은 Android를 위한 원클릭 음악 및 팟캐스트 링크 변환 도구입니다. 설정 한 번으로 수신된 링크가 백그라운드에서 자동으로 변환되어 원하는 오디오 플레이어에서 바로 열립니다. 수동 검색이나 번거로운 브라우저 화면이 필요 없습니다.

Spotify에서 YouTube Music으로, Apple Podcasts에서 Spotify로, Shazam 공유 곡까지 SongFlip이 스마트 링크 변환기로 즉시 해결합니다.

🚀 주요 기능:

• 10개 오디오 플랫폼, 팟캐스트 및 Shazam 지원:
Spotify, YouTube Music, Apple Music, Apple Podcasts, Pocket Casts, Deezer, TIDAL, Amazon Music, SoundCloud, Bandcamp 간에 자유롭게 변환합니다. Shazam 링크도 지원!

• 직접 노래 검색(인앱 검색):
SongFlip 내에서 바로 트랙과 아티스트를 검색하고 탭 한 번으로 Fast Flip을 통해 선호하는 음악 앱에서 즉시 재생을 시작할 수 있습니다. 기존 링크가 필요하지 않습니다.

• QR 코드 음악 공유 및 스캔:
노래와 앨범에 대한 범용 QR 코드를 생성하고 스캔하세요. 어떤 스트리밍 서비스를 구독하든 친구와 직접 음악을 쉽게 공유할 수 있습니다.

• 팟캐스트 변환 엔진:
팟캐스트 방송 및 개별 에피소드를 여러 플랫폼 간에 공유하세요. 에피소드 제목을 분석하여 원하는 팟캐스트 앱에서 즉시 재생합니다.

• 유니버설 플레이리스트 변환기:
자동 중복 정리, 최대 200개 트랙 및 고속 다중 계층 캐싱 기능을 통해 Spotify, Apple Music, YouTube Music, TIDAL 및 Deezer 간에 전체 재생 목록을 트랙별로 전송할 수 있습니다.

• 일치 항목 수정 및 1탭 즐겨찾기:
라이브 녹음, 리마스터 또는 대체 버전 중에서 쉽게 선택할 수 있습니다. 한 번의 탭으로 좋아하는 트랙을 기록에 고정하고 간소화된 빠른 작업 메뉴를 통해 관리하세요.

• 즉시 재생 (Instant Playback):
빈 검색 결과 대신 대상 플레이어에서 곡이나 에피소드를 바로 재생합니다.

• 빠른 플레이어 선택 (매번 묻기):
여러 음악 앱을 사용 중이신가요? 링크를 열 때마다 원하는 플레이어를 즉시 선택할 수 있습니다.

• 스마트 설정 도우미 (Android 12+):
원터치 인터랙티브 도우미로 기본 앱 연결을 손쉽게 설정할 수 있습니다.

• 클립보드 스마트 배너 및 공유 메뉴:
복사한 링크를 즉시 열거나 카카오톡, WhatsApp, Telegram, Instagram에서 SongFlip으로 바로 공유하세요.

• 범용 웹 스마트 링크 및 웹 플레이어 (songflip.link):
친구가 어떤 기기에서든 바로 들을 수 있도록 내장 웹 플레이어가 포함된 중립 링크를 생성합니다.

• 빠른 설정 타일 및 앱 바로가기:
상단 빠른 설정 창에서 15분, 1시간 또는 다음 날 아침까지 리디렉션을 간편하게 일시 중지할 수 있습니다.

• Material You 디자인 및 테마 아이콘:
Dynamic Color, AMOLED 다크 모드, 단색 테마 아이콘을 완벽하게 지원합니다.

• 프로모션 코드 및 바우처 등록:
앱 내에서 프로모션 코드를 등록하여 PRO 기능을 간편하게 활성화할 수 있습니다.

🔒 개인정보 보호 및 오픈 소스:
• 100% 오픈 소스 (GitHub GPLv3 라이선스)
• 계정 생성 및 로그인 불필요
• 영구적으로 광고 없음
• 청취 습관이나 데이터 추적 없음

Songlink / Odesli 호환. 지금 SongFlip을 다운로드하고 플랫폼의 한계 없이 음악과 팟캐스트를 즐겨보세요!"
mr-IN,SongFlip: म्युझिक लिंक,म्युझिक व पॉडकास्ट लिंक आवडत्या प्लेअरमध्ये लगेच उघडा (० क्लिक).,"एखाद्या मित्राने Spotify वर गाणे किंवा पॉडकास्ट पाठवले आहे, परंतु तुम्ही YouTube Music, Apple Podcasts किंवा Deezer वापरता?

SongFlip हे Android साठी एक स्मार्ट ऑडिओ लिंक कन्व्हर्टर आहे. एकदा सेट केल्यावर, मिळालेल्या लिंक्स बॅकग्राउंडमध्ये आपोआप बदलून थेट तुमच्या आवडत्या प्लेअरमध्ये सुरू होतात — शोधण्याची किंवा जाहिरातींची गरज नाही.

Spotify ते YouTube Music, Apple Podcasts ते Spotify किंवा Shazam ट्रॅक: SongFlip क्षणात योग्य प्लेअरमध्ये लिंक सुरू करते.

🚀 प्रमुख वैशिष्ट्ये:

• १० ऑडिओ प्लॅटफॉर्म, पॉडकास्ट आणि Shazam:
Spotify, YouTube Music, Apple Music, Apple Podcasts, Pocket Casts, Deezer, TIDAL, Amazon Music, SoundCloud आणि Bandcamp मधील लिंक्स सहजपणे बदला. Shazam लिंक्सही समर्थित आहेत!

• थेट गाणे शोध (ॲपमधील शोध):
सॉन्गफ्लिपमध्ये थेट ट्रॅक आणि कलाकार शोधा आणि 1-टॅप फास्ट फ्लिपसह तुमच्या पसंतीच्या म्युझिक ॲपमध्ये प्लेबॅक त्वरित लाँच करा—कोणत्याही विद्यमान लिंकची आवश्यकता नाही.

• QR कोड संगीत शेअरिंग आणि स्कॅनिंग:
गाणी आणि अल्बमसाठी युनिव्हर्सल QR कोड व्युत्पन्न करा आणि स्कॅन करा. मित्रांसोबत वैयक्तिकरित्या संगीत सहजतेने सामायिक करा, त्यांनी कोणत्या स्ट्रीमिंग सेवेचे सदस्यत्व घेतले हे महत्त्वाचे नाही.

• पॉडकास्ट कन्व्हर्टर:
पॉडकास्ट शो आणि भाग वेगवेगळ्या ॲप्समध्ये शेअर करा. SongFlip भाग शोधून थेट तुमच्या आवडत्या ॲपमध्ये सुरू करते.

• युनिव्हर्सल प्लेलिस्ट कन्व्हर्टर:
Spotify, Apple Music, YouTube Music, TIDAL आणि Deezer मधील ट्रॅक-बाय-ट्रॅक संपूर्ण प्लेलिस्ट ट्रान्सफर करा—स्वयंचलित डुप्लिकेट क्लीनिंग, 200 पर्यंत ट्रॅक आणि हाय-स्पीड मल्टी-टियर कॅशिंग.

• परिष्कृत सामने आणि 1-टॅप आवडते:
थेट रेकॉर्डिंग, रीमास्टर किंवा पर्यायी आवृत्त्यांमधून सहजपणे निवडा. इतिहासातील तुमचे आवडते ट्रॅक एका टॅपने पिन करा आणि ते सुव्यवस्थित द्रुत क्रिया मेनूद्वारे व्यवस्थापित करा.

• इन्स्टंट प्लेबॅक (Instant Playback):
रिकाम्या शोध पृष्ठाऐवजी थेट गाणे किंवा पॉडकास्ट प्ले सुरू होते.

• क्विक प्लेअर निवडकर्ता:
अनेक ॲप्स वापरता? लिंक उघडताना लगेच प्लेअर निवडण्यासाठी पर्याय सक्षम करा.

• स्मार्ट सेटअप असिस्टंट (Android 12+):
१-टॅपमध्ये ॲप लिंक्स सेट करण्याची सोपी पद्धत.

• क्लिपबोर्ड स्मार्ट-बॅनर आणि शेअर मेनू:
लिंक कॉपी करा किंवा WhatsApp, Telegram वरून थेट SongFlip वर शेअर करा.

• युनिव्हर्सल वेब स्मार्ट लिंक्स आणि वेब प्लेअर (songflip.link):
मित्रांसाठी इनबिल्ट वेब प्लेअर असलेल्या लिंक्स तयार करा जेणेकरून ते कोणत्याही डिव्हाइसवर ऐकू शकतील.

• क्विक सेटिंग्ज टाइल:
१५ मिनिटे किंवा १ तासासाठी रिडायरेक्ट तात्पुरते थांबवा.

• Material You डिझाइन आणि थीम असलेला आयकॉन:
AMOLED डार्क मोड आणि सिस्टीम कलर मॅचिंग.

• प्रोमो कोड आणि व्हाउचर:
PRO वैशिष्ट्ये अनलॉक करण्यासाठी ॲपमध्ये प्रोमो कोड रिडीम करा.

🔒 गोपनीयता आणि ओपन सोर्स:
• १००% ओपन सोर्स (GitHub वर GPLv3)
• कोणतेही खाते किंवा लॉगिन आवश्यक नाही
• कायमस्वरूपी पूर्णपणे जाहिरातमुक्त
• कोणताही डेटा ट्रॅक केला जात नाही

Songlink / Odesli सह सुसंगत. आताच SongFlip डाउनलोड करा आणि प्लॅटफॉर्मच्या मर्यादांशिवाय म्युझिक व पॉडकास्टचा आनंद घ्या!"
nb-NO,SongFlip: Musikklänker,Konverter og åpne musikk- og podcastlenker i din favorittspiller med 0 klikk.,"Sender en venn deg en sang eller podcast på Spotify, men du bruker YouTube Music, Apple Podcasts eller Deezer?

SongFlip er din sømløse 0-klikks musikk- og podcastlenkekonverterer for Android. Når den er aktivert, konverteres mottatte lenker automatisk i bakgrunnen og åpnes direkte i din favorittspiller — uten manuell søking, reklame eller mellomliggende nettlesersider.

Enten det gjelder Spotify til YouTube Music, Apple Podcasts til Spotify eller delte Shazam-spor: SongFlip ordner det umiddelbart som din universelle smarte lenkekonverterer.

🚀 NØKKELFUNKSJONER:

• 10 Musikk- og Podcastplattformer samt Shazam:
Konverterer sømløst mellom Spotify, YouTube Music, Apple Music, Apple Podcasts, Pocket Casts, Deezer, TIDAL, Amazon Music, SoundCloud og Bandcamp. Støtter også Shazam-lenker!

• Direkte sangsøk (søk i app):
Søk etter spor og artister direkte inne i SongFlip og start avspilling umiddelbart i din foretrukne musikkapp med 1-tapps Fast Flip – ingen eksisterende kobling kreves.

• QR-kode musikkdeling og skanning:
Generer og skann universelle QR-koder for sanger og album. Del musikk enkelt med venner, uansett hvilken strømmetjeneste de abonnerer på.

• Podcast-Konvertering:
Del podcastserier og enkeltepisoder på tvers av ulike plattformer. SongFlip finner episoden og starter den direkte i din foretrukne podcast-app.

• Universell Spillelistekonverterer:
Overfør hele spillelister spor for spor mellom Spotify, Apple Music, YouTube Music, TIDAL og Deezer – med automatisk duplikatrensing, opptil 200 spor og høyhastighets bufring i flere lag.

• Avgrens kamper og 1-trykks favoritter:
Velg enkelt mellom liveopptak, remastere eller alternative versjoner. Fest favorittlåtene dine i historien med ett enkelt trykk og administrer dem via den strømlinjeformede hurtighandlingsmenyen.

• Øyeblikkelig Avspilling (Instant Playback):
Starter avspillingen direkte i målspilleren i stedet for å åpne en tom søkeside.

• Hurtigvalg av Spiller (Spør hver gang):
Bruker du flere lydapper? Aktiver hurtigvelgeren for å velge målspiller raskt når du åpner en lenke.

• Smart Oppsettassistent (Android 12+):
Konfigurer standard app-lenker enkelt med et enkelt trykk.

• Utklippstavle Smart-Banner & Delemeny:
Kopierte du en lenke? Åpne den direkte via det smarte banneret eller del fra WhatsApp, Telegram eller Instagram til SongFlip.

• Universelle Smarte Nettlenker & Nettspiller (songflip.link):
Opprett nøytrale lenker med innebygd nettspiller slik at vennene dine kan lytte på hvilken som helst enhet.

• Hurtiginnstillinger & Snarveier:
Sett viderekoblingen på pause i 15 minutter, 1 time eller til i morgen tidlig direkte fra hurtiginnstillingene.

• Material You Design & Temaikon:
Følger systemfargene dine med AMOLED mørk modus og monokromt app-ikon.

• Rabattkoder & Kuponger:
Løs inn kampanjekoder direkte i appen for å låse opp PRO-fordeler.

🔒 PERSONVERN & ÅPEN KILDEKODE:
• 100% Åpen kildekode (GPLv3-lisensiert på GitHub)
• Ingen kontoer, ingen registrering eller innlogging
• Helt fri for reklame for alltid
• Ingen sporing av data eller lyttevaner

Kompatibel med Songlink / Odesli. Last ned SongFlip nå og nyt musikk og podcaster på tvers av alle plattformer!"
nl-NL,SongFlip: Muzieklink Redirect,Converteer & open muziek- en podcastlinks in je favoriete app (0 klikken).,"Stuurt een vriend je een nummer of podcast op Spotify, maar luister jij via YouTube Music, Apple Podcasts of Deezer?

SongFlip is jouw slimme 0-klik muziek- en podcastlink converter en redirector voor Android. Eenmaal ingesteld worden ontvangen links automatisch op de achtergrond geconverteerd en direct geopend in jouw favoriete audio-app — zonder handmatig zoeken of tussenliggende pagina's.

Of het nu gaat om Spotify naar YouTube Music, Apple Podcasts naar Spotify of Shazam-links: SongFlip verwerkt links direct als jouw universele smart link converter.

🚀 BELANGRIJKSTE FUNCTIES:

• 10 Streaming- & Podcastplatforms & Shazam:
Converteert naadloos tussen Spotify, YouTube Music, Apple Music, Apple Podcasts, Pocket Casts, Deezer, TIDAL, Amazon Music, SoundCloud en Bandcamp. Nu ook met ondersteuning voor Shazam-links!

• Direct zoeken naar nummers (in-app zoeken):
Zoek naar nummers en artiesten rechtstreeks in SongFlip en start het afspelen direct in de muziek-app van je voorkeur met Fast Flip met 1 tik: geen bestaande link vereist.

• QR-code Muziek delen en scannen:
Genereer en scan universele QR-codes voor nummers en albums. Deel moeiteloos muziek met vrienden, ongeacht op welke streamingdienst ze zijn geabonneerd.

• Podcast Converter Engine:
Deel complete shows of afzonderlijke afleveringen tussen verschillende platforms. SongFlip start afleveringen direct in je favoriete podcast-app.

• Universele Playlist Converter:
Zet volledige afspeellijsten track voor track over tussen Spotify, Apple Music, YouTube Music, TIDAL en Deezer, met automatische opschoning van dubbele nummers, tot 200 tracks en supersnelle caching op meerdere niveaus.

• Matches verfijnen en 1-Tap-favorieten:
Kies eenvoudig tussen live-opnames, remasters of alternatieve versies. Zet uw favoriete nummers in de geschiedenis vast met één tik en beheer ze via het gestroomlijnde snelactiemenu.

• Directe Weergave (Instant Playback):
Start nummers en afleveringen direct in de doel-app in plaats van een lege zoekpagina te tonen.

• Snelle Spelerkiezer (Elke keer vragen):
Gebruik je meerdere audio-apps? Activeer de optionele snelle kiezer om direct je doelspeler te kiezen wanneer je een link opent.

• Slimme Installatiewizard (Android 12+):
Controleer en stel eenvoudig standaard app-koppelingen in met onze interactieve wizard in 1 tik.

• Klembord Smart-Banner & Deelmenu:
Link gekopieerd? Start direct via de slimme banner of deel links vanuit WhatsApp, Telegram, Reddit of Instagram naar SongFlip.

• Universele Web Smart Links & Webplayer:
Maak neutrale weblinks (songflip.link) met ingebouwde webplayer zodat je vrienden direct op elk apparaat kunnen luisteren.

• Snelle Instellingen & Snelkoppelingen:
Pauzeer de omleiding tijdelijk voor 15 minuten, 1 uur of tot morgenochtend via de tegel Snelle Instellingen.

• Material You Design & Thema-icoon:
Volgt je systeemkleuren met AMOLED-donkere modus, lichte modus en een stijlvol monochroom pictogram.

• Vouchercodes Inwisselen:
Wissel promotiecodes direct in de app in voor PRO-functies.

🔒 PRIVACY & OPEN SOURCE:
• 100% Open Source (GPLv3-licentie op GitHub)
• Geen account of registratie vereist
• Volledig advertentievrij voor altijd
• Geen tracking of gegevensverzameling

Compatibel met Songlink / Odesli. Download SongFlip nu en geniet van muziek en podcasts over alle platformgrenzen heen!"
pl-PL,SongFlip: Konwerter Linków,Konwertuj i otwieraj linki do muzyki i podcastów w ulubionym odtwarzaczu.,"Znajomy przesyła Ci utwór lub podcast na Spotify, a Ty korzystasz z YouTube Music, Apple Podcasts lub Deezer?

SongFlip to inteligentny konwerter i automatyczne przekierowanie linków muzycznych i podcastów dla systemu Android. Po skonfigurowaniu, otrzymane linki audio są natychmiast konwertowane w tle i otwierane w Twoim ulubionym odtwarzaczu — bez ręcznego wyszukiwania, bez reklam i bez zbędnych stron pośrednich.

Niezależnie od tego, czy chodzi o Spotify na YouTube Music, Apple Podcasts na Spotify czy linki z Shazam: SongFlip błyskawicznie obsługuje linki jako Twój uniwersalny konwerter smart linków.

🚀 GŁÓWNE FUNKCJE:

• 10 Platform Muzycznych, Podcastów i Shazam:
Płynna konwersja między Spotify, YouTube Music, Apple Music, Apple Podcasts, Pocket Casts, Deezer, TIDAL, Amazon Music, SoundCloud i Bandcamp. Obsługuje także linki z Shazam!

• Bezpośrednie wyszukiwanie utworów (wyszukiwanie w aplikacji):
Wyszukuj utwory i wykonawców bezpośrednio w aplikacji SongFlip i natychmiast uruchamiaj odtwarzanie w preferowanej aplikacji muzycznej za pomocą jednego dotknięcia Fast Flip — nie jest wymagane żadne łącze.

• Udostępnianie i skanowanie muzyki z kodem QR:
Generuj i skanuj uniwersalne kody QR dla utworów i albumów. Bez problemu udostępniaj muzykę znajomym osobiście, niezależnie od tego, jaką usługę przesyłania strumieniowego subskrybują.

• Silnik Konwersji Podcastów:
Udostępniaj całe audycje i pojedyncze odcinki między platformami. SongFlip automatycznie rozpoznaje odcinek i uruchamia go w Twojej ulubionej aplikacji do podcastów.

• Uniwersalny Konwerter Playlist:
Przesyłaj całe playlisty utwór po utworze pomiędzy Spotify, Apple Music, YouTube Music, TIDAL i Deezer — z funkcją automatycznego czyszczenia duplikatów, maksymalnie 200 utworów i szybkim, wielopoziomowym buforowaniem.

• Uściślij mecze i ulubione jednym dotknięciem:
Z łatwością wybieraj pomiędzy nagraniami na żywo, remasterami lub wersjami alternatywnymi. Przypinaj swoje ulubione utwory do historii jednym dotknięciem i zarządzaj nimi za pomocą usprawnionego menu szybkich akcji.

• Natychmiastowe Odtwarzanie (Instant Playback):
Uruchamia utwór lub odcinek bezpośrednio w wybranym odtwarzaczu zamiast wyświetlać pustą stronę wyszukiwania.

• Szybki Wybór Odtwarzacza (Pytaj za każdym razem):
Używasz kilku aplikacji audio? Włącz opcjonalny selektor, aby błyskawicznie wybrać docelowy odtwarzacz przy otwieraniu linku.

• Inteligentny Asystent Konfiguracji (Android 12+):
Łatwo sprawdzaj i konfiguruj domyślne linki aplikacji za pomocą 1 dotknięcia.

• Inteligentny Baner Schowka i Menu Udostępniania:
Skopiowałeś link? Otwórz go od razu z banera lub udostępnij z WhatsApp, Telegram, Reddit lub Instagram do SongFlip.

• Uniwersalne Linki Webowe i Odtwarzacz Web (Smart Links):
Generuj neutralne linki (songflip.link) z wbudowanym odtwarzaczem, aby znajomi mogli słuchać na dowolnym urządzeniu.

• Kafelki Szybkich Ustawień i Skróty:
Wstrzymaj przekierowywanie na 15 minut, 1 godzinę lub do rana bezpośrednio z panelu szybkich ustawień.

• Styl Material You i Ikona z Motywem:
Dopasowuje się do kolorów Twojego systemu z trybem ciemnym AMOLED, trybem jasnym i monochromatyczną ikoną.

• Realizacja Kodów Promocyjnych i Voucherów:
Wpisz kod promocyjny w aplikacji, aby odblokować funkcje PRO.

🔒 PRYWATNOŚĆ I OPEN SOURCE:
• 100% Open Source (licencja GPLv3 na GitHub)
• Bez kont, bez logowania i rejestracji
• Całkowicie bez reklam — na zawsze
• Zero śledzenia i gromadzenia danych

Kompatybilny z protokołami Songlink / Odesli. Pobierz SongFlip i ciesz się muzyką oraz podcastami bez żadnych ograniczeń!"
pt-BR,SongFlip: Links de Música,Converta e abra links de música e podcast no seu player favorito (0 clique).,"Um amigo te manda uma música ou podcast no Spotify, mas você usa YouTube Music, Apple Podcasts ou Deezer?

O SongFlip é o seu conversor e redirecionador inteligente de links de música e podcasts para Android. Uma vez ativado, os links recebidos são convertidos automaticamente em segundo plano e abertos direto no seu reprodutor preferido: sem buscas manuais, sem anúncios e sem páginas intermediárias.

Seja do Spotify para o YouTube Music, do Apple Podcasts para o Spotify ou links do Shazam: o SongFlip resolve na hora como seu conversor inteligente universal de links.

🚀 PRINCIPAIS RECURSOS:

• 10 Plataformas de Streaming, Podcasts e Shazam:
Converte perfeitamente entre Spotify, YouTube Music, Apple Music, Apple Podcasts, Pocket Casts, Deezer, TIDAL, Amazon Music, SoundCloud e Bandcamp. Agora também com suporte rápido a links do Shazam!

• Pesquisa direta de músicas (pesquisa no aplicativo):
Pesquise faixas e artistas diretamente no SongFlip e inicie a reprodução instantaneamente em seu aplicativo de música preferido com Fast Flip com um toque - sem necessidade de link existente.

• Compartilhamento e digitalização de música com código QR:
Gere e digitalize códigos QR universais para músicas e álbuns. Compartilhe músicas facilmente com amigos pessoalmente, independentemente do serviço de streaming que eles assinam.

• Conversor Inteligente de Podcasts:
Compartilhe podcasts e episódios individuais entre diferentes serviços. O SongFlip localiza o episódio e abre direto no seu aplicativo de podcast preferido.

• Conversor Universal de Playlists:
Transfira playlists inteiras faixa por faixa entre Spotify, Apple Music, YouTube Music, TIDAL e Deezer – com limpeza automática de duplicatas, até 200 faixas e cache multicamadas de alta velocidade.

• Refinar correspondências e favoritos com 1 toque:
Escolha facilmente entre gravações ao vivo, remasterizações ou versões alternativas. Fixe suas faixas favoritas no histórico com um único toque e gerencie-as por meio do menu simplificado de ação rápida.

• Reprodução Instantânea (Instant Playback):
Toca a faixa ou episódio direto no player de destino em vez de exibir páginas de busca vazias.

• Seletor Rápido de Player (Perguntar sempre):
Usa vários apps de áudio? Ative o seletor rápido para escolher instantaneamente seu reprodutor preferido ao abrir qualquer link.

• Assistente de Configuração Inteligente (Android 12+):
Configure os links padrão de aplicativos com facilidade com nosso assistente em um toque.

• Banner de Área de Transferência e Compartilhamento:
Copiou um link? Abra direto pelo banner inteligente ou compartilhe pelo WhatsApp, Telegram, Reddit ou Instagram para o SongFlip.

• Links Universais da Web e Web Player (Smart Links):
Gere links neutros (songflip.link) com reprodutor web integrado para que seus amigos escutem em qualquer dispositivo.

• Botão de Configurações Rápidas e Atalhos:
Pause o redirecionamento por 15 minutos, 1 hora ou até amanhã de manhã direto pelo painel de ajustes rápidos do Android.

• Design Material You e Ícone Temático:
Adapta-se às cores do seu sistema com modo escuro AMOLED, modo claro e ícone monocromático para a tela inicial.

• Resgate de Cupons e Códigos Promocionais:
Resgate códigos promocionais diretamente no app para desbloquear recursos PRO.

🔒 PRIVACIDADE E CÓDIGO ABERTO:
• 100% Código Aberto (licença GPLv3 no GitHub)
• Sem contas, sem login, sem cadastros
• Totalmente livre de anúncios para sempre
• Zero rastreamento de dados ou hábitos de escuta

Compatível com Songlink / Odesli. Baixe o SongFlip agora e ouça música e podcasts sem limites entre plataformas!"
pt-PT,SongFlip: Links de Música,Converta e abra links de música e podcast no seu player favorito (0 clique).,"Um amigo te manda uma música ou podcast no Spotify, mas você usa YouTube Music, Apple Podcasts ou Deezer?

O SongFlip é o seu conversor e redirecionador inteligente de links de música e podcasts para Android. Uma vez ativado, os links recebidos são convertidos automaticamente em segundo plano e abertos direto no seu reprodutor preferido: sem buscas manuais, sem anúncios e sem páginas intermediárias.

Seja do Spotify para o YouTube Music, do Apple Podcasts para o Spotify ou links do Shazam: o SongFlip resolve na hora como seu conversor inteligente universal de links.

🚀 PRINCIPAIS RECURSOS:

• 10 Plataformas de Streaming, Podcasts e Shazam:
Converte perfeitamente entre Spotify, YouTube Music, Apple Music, Apple Podcasts, Pocket Casts, Deezer, TIDAL, Amazon Music, SoundCloud e Bandcamp. Agora também com suporte rápido a links do Shazam!

• Pesquisa direta de músicas (pesquisa no aplicativo):
Pesquise faixas e artistas diretamente no SongFlip e inicie a reprodução instantaneamente em seu aplicativo de música preferido com Fast Flip com um toque - sem necessidade de link existente.

• Compartilhamento e digitalização de música com código QR:
Gere e digitalize códigos QR universais para músicas e álbuns. Compartilhe músicas facilmente com amigos pessoalmente, independentemente do serviço de streaming que eles assinam.

• Conversor Inteligente de Podcasts:
Compartilhe podcasts e episódios individuais entre diferentes serviços. O SongFlip localiza o episódio e abre direto no seu aplicativo de podcast preferido.

• Conversor Universal de Playlists:
Transfira playlists inteiras faixa por faixa entre Spotify, Apple Music, YouTube Music, TIDAL e Deezer – com limpeza automática de duplicatas, até 200 faixas e cache multicamadas de alta velocidade.

• Refinar correspondências e favoritos com 1 toque:
Escolha facilmente entre gravações ao vivo, remasterizações ou versões alternativas. Fixe suas faixas favoritas no histórico com um único toque e gerencie-as por meio do menu simplificado de ação rápida.

• Reprodução Instantânea (Instant Playback):
Toca a faixa ou episódio direto no player de destino em vez de exibir páginas de busca vazias.

• Seletor Rápido de Player (Perguntar sempre):
Usa vários apps de áudio? Ative o seletor rápido para escolher instantaneamente seu reprodutor preferido ao abrir qualquer link.

• Assistente de Configuração Inteligente (Android 12+):
Configure os links padrão de aplicativos com facilidade com nosso assistente em um toque.

• Banner de Área de Transferência e Compartilhamento:
Copiou um link? Abra direto pelo banner inteligente ou compartilhe pelo WhatsApp, Telegram, Reddit ou Instagram para o SongFlip.

• Links Universais da Web e Web Player (Smart Links):
Gere links neutros (songflip.link) com reprodutor web integrado para que seus amigos escutem em qualquer dispositivo.

• Botão de Configurações Rápidas e Atalhos:
Pause o redirecionamento por 15 minutos, 1 hora ou até amanhã de manhã direto pelo painel de ajustes rápidos do Android.

• Design Material You e Ícone Temático:
Adapta-se às cores do seu sistema com modo escuro AMOLED, modo claro e ícone monocromático para a tela inicial.

• Resgate de Cupons e Códigos Promocionais:
Resgate códigos promocionais diretamente no app para desbloquear recursos PRO.

🔒 PRIVACIDADE E CÓDIGO ABERTO:
• 100% Código Aberto (licença GPLv3 no GitHub)
• Sem contas, sem login, sem cadastros
• Totalmente livre de anúncios para sempre
• Zero rastreamento de dados ou hábitos de escuta

Compatível com Songlink / Odesli. Baixe o SongFlip agora e ouça música e podcasts sem limites entre plataformas!"
ro-RO,SongFlip: Linkuri Muzică,Convertește și deschide linkuri de muzică și podcasturi în playerul tău.,"Un prieten îți trimite o piesă sau un podcast pe Spotify, dar tu asculți pe YouTube Music, Apple Podcasts sau Deezer?

SongFlip este convertorul și redirectorul tău inteligent de linkuri muzicale și podcasturi pentru Android. Odată configurat, linkurile primite sunt convertite automat în fundal și deschise direct în playerul tău preferat — fără căutare manuală, fără reclame și fără pagini intermediare.

Fie că este vorba de Spotify către YouTube Music, Apple Podcasts către Spotify sau melodii din Shazam: SongFlip rezolvă instantaneu ca un convertor universal de smart linkuri.

🚀 CARACTERISTICI PRINCIPALE:

• 10 Platforme de Streaming, Podcasturi & Shazam:
Convertește fără probleme între Spotify, YouTube Music, Apple Music, Apple Podcasts, Pocket Casts, Deezer, TIDAL, Amazon Music, SoundCloud și Bandcamp. Suportă și linkuri Shazam!

• Căutare directă de melodii (căutare în aplicație):
Căutați melodii și artiști direct în SongFlip și lansați redarea instantaneu în aplicația dvs. de muzică preferată cu o atingere Fast Flip - nu este nevoie de link existent.

• Partajarea și scanarea muzicii coduri QR:
Generați și scanați coduri QR universale pentru melodii și albume. Partajați fără efort muzică prietenilor în persoană, indiferent de serviciul de streaming la care sunt abonați.

• Motor de Conversie Podcasturi:
Partajează emisiuni și episoade individuale între diferite platforme. SongFlip găsește episodul și îl pornește direct în aplicația ta preferată de podcasturi.

• Convertor Universal de Playlisturi:
Transferați liste de redare întregi piesă cu piesă între Spotify, Apple Music, YouTube Music, TIDAL și Deezer — cu curățarea automată a duplicatelor, până la 200 de melodii și stocare în cache de mare viteză pe mai multe niveluri.

• Rafinați potrivirile și Preferate cu o singură atingere:
Alegeți cu ușurință între înregistrări live, remasterizări sau versiuni alternative. Fixați-vă piesele preferate din istorie cu o singură atingere și gestionați-le prin meniul simplificat de acțiuni rapide.

• Redare Instantanee (Instant Playback):
Pornește melodia sau episodul direct în playerul țintă în loc să afișeze pagini goale de căutare.

• Selector Rapid de Player (Întreabă de fiecare dată):
Folosești mai multe aplicații audio? Activează selectorul rapid pentru a alege pe loc playerul dorit la deschiderea unui link.

• Asistent Inteligent de Configurare (Android 12+):
Configurează cu ușurință linkurile implicite ale aplicațiilor cu o singură atingere.

• Smart-Banner Clipboard & Meniu Distribuire:
Ai copiat un link? Deschide-l imediat din bannerul inteligent sau distribuie din WhatsApp, Telegram ori Instagram către SongFlip.

• Smart Linkuri Web Universale & Web Player (songflip.link):
Generează linkuri neutre cu web player integrat pentru ca prietenii tăi să poată asculta pe orice dispozitiv.

• Comenzi Rapide & Comutator în Setări Rapide:
Întrerupe redirecționarea pentru 15 minute, 1 oră sau până mâine dimineață din panoul de setări rapide.

• Design Material You & Pictogramă Tematică:
Se adaptează culorilor sistemului tău cu mod întunecat AMOLED și pictogramă monocromă.

• Revendicare Coduri Promoționale & Vouchere:
Introdu coduri promoționale direct în aplicație pentru a debloca funcțiile PRO.

🔒 CONFIDENȚIALITATE ȘI OPEN SOURCE:
• 100% Open Source (licență GPLv3 pe GitHub)
• Fără conturi, fără înregistrare, fără autentificare
• Complet fără reclame pentru totdeauna
• Fără urmărire a datelor sau a obiceiurilor de ascultare

Compatibil cu Songlink / Odesli. Descarcă SongFlip acum și bucură-te de muzică și podcasturi fără bariere între platforme!"
ru-RU,SongFlip: Музыкальные Ссылки,Открывайте ссылки на музыку и подкасты в любимом плеере без лишних кликов.,"Друг прислал трек или подкаст в Spotify, а вы слушаете музыку в YouTube Music, Apple Podcasts или Deezer?

SongFlip — это умный конвертер и перенаправитель музыкальных ссылок и подкастов для Android. После настройки полученные аудиоссылки автоматически преобразуются в фоновом режиме и открываются в вашем любимом плеере — без ручного поиска, рекламы и промежуточных страниц.

Переход из Spotify в YouTube Music, из Apple Podcasts в Spotify или треки из Shazam: SongFlip мгновенно перенаправит вас в нужный сервис.

🚀 ОСНОВНЫЕ ВОЗМОЖНОСТИ:

• 10 Музыкальных Платформ, Подкасты и Shazam:
Плавная конвертация между Spotify, YouTube Music, Apple Music, Apple Podcasts, Pocket Casts, Deezer, TIDAL, Amazon Music, SoundCloud и Bandcamp. Поддерживаются ссылки из Shazam!

• Прямой поиск песни (поиск в приложении):
Ищите треки и исполнителей прямо в SongFlip и мгновенно запускайте воспроизведение в предпочитаемом вами музыкальном приложении с помощью Fast Flip одним касанием — существующая ссылка не требуется.

• Обмен музыкой и сканирование QR-кода:
Создавайте и сканируйте универсальные QR-коды для песен и альбомов. Легко делитесь музыкой с друзьями лично, независимо от того, на какой потоковый сервис они подписаны.

• Движок Конвертации Подкастов:
Делитесь целыми шоу и отдельными выпусками между платформами. SongFlip автоматически находит эпизод и запускает его в любимом подкаст-плеере.

• Универсальный Конвертер Плейлистов:
Передавайте полные плейлисты по трекам между Spotify, Apple Music, YouTube Music, TIDAL и Deezer — с автоматической очисткой дубликатов, до 200 треков и высокоскоростным многоуровневым кэшированием.

• Уточнение совпадений и избранное в одно касание:
Легко выбирайте между концертными записями, ремастерами и альтернативными версиями. Сохраняйте любимые треки в истории одним касанием и управляйте ими с помощью оптимизированного меню быстрых действий.

• Мгновенное Воспроизведение (Instant Playback):
Запускает трек или выпуск прямо в целевом плеере вместо пустого экрана поиска.

• Быстрый Выбор Плеера (Спрашивать каждый раз):
Используете несколько аудиоприложений? Включите диалог быстрого выбора плеера при каждом открытии ссылки.

• Умный Помощник Настройки (Android 12+):
Легко настраивайте ссылки приложений по умолчанию в один клик.

• Умный Баннер Буфера Обмена и Меню «Поделиться»:
Скопировали ссылку? Откройте её через удобный баннер или отправьте из WhatsApp, Telegram или Reddit в SongFlip.

• Универсальные Веб-Ссылки и Веб-Плеер (songflip.link):
Создавайте нейтральные ссылки с встроенным веб-плеером для друзей на любых устройствах.

• Плитка Быстрых Настроек:
Приостанавливайте перенаправление на 15 минут, 1 час или до утра прямо из шторки уведомлений.

• Дизайн Material You и Тематическая Иконка:
Гармонично сочетается с цветами системы, поддерживает темную тему AMOLED и монохромную иконку.

• Промокоды и Ваучеры:
Активируйте промокоды прямо в приложении для получения PRO-функций.

🔒 КОНФИДЕНЦИАЛЬНОСТЬ И OPEN SOURCE:
• 100% открытый исходный код (GPLv3 на GitHub)
• Без регистрации и создания учетных записей
• Полностью без рекламы навсегда
• Никакого сбора данных и отслеживания

Совместимо с Songlink / Odesli. Установите SongFlip и слушайте музыку и подкасты без платформенных барьеров!"
sv-SE,SongFlip: Musiklänkar,Konvertera och öppna musik- och podcastlänkar i din favoritspelare direkt.,"Skickar en vän en låt eller podcast på Spotify, men du lyssnar via YouTube Music, Apple Podcasts eller Deezer?

SongFlip är din smarta 0-klicks musik- och podcastlänkkonverterare för Android. Efter installation konverteras mottagna länkar automatiskt i bakgrunden och öppnas direkt i din favoritapp — utan manuell sökning, utan annonser och utan mellanliggande webbsidor.

Oavsett om det gäller Spotify till YouTube Music, Apple Podcasts till Spotify eller delade Shazam-spår: SongFlip löser det direkt som din universella smarta länkguide.

🚀 HUVUDFUNKTIONER:

• 10 Musik- och Podcastplattformar samt Shazam:
Konverterar smidigt mellan Spotify, YouTube Music, Apple Music, Apple Podcasts, Pocket Casts, Deezer, TIDAL, Amazon Music, SoundCloud och Bandcamp. Stöder även Shazam-länkar!

• Direkt låtsökning (sökning i appen):
Sök efter låtar och artister direkt inuti SongFlip och starta uppspelning direkt i din favoritapp för musik med snabbvändning med 1 tryck – ingen befintlig länk krävs.

• QR-kod musikdelning och skanning:
Generera och skanna universella QR-koder för låtar och album. Dela musik utan ansträngning personligen med vänner, oavsett vilken streamingtjänst de prenumererar på.

• Podcast Converter Engine:
Dela podcastprogram och enskilda avsnitt mellan olika appar. SongFlip hittar avsnittet och startar det direkt i din favoritpodcastspelare.

• Universell Spellistkonverterare:
Överför hela spellistor spår för spår mellan Spotify, Apple Music, YouTube Music, TIDAL och Deezer – med automatisk dubbelrensning, upp till 200 spår och höghastighetscaching i flera nivåer.

• Förfina matchningar och favoriter med 1 tryck:
Välj enkelt mellan liveinspelningar, remasters eller alternativa versioner. Fäst dina favoritlåtar i historien med ett enda tryck och hantera dem via den strömlinjeformade snabbåtgärdsmenyn.

• Direkt Uppspelning (Instant Playback):
Startar spåret eller avsnittet direkt i målspelaren istället för att visa tomma söksidor.

• Snabbval av Spelare (Fråga varje gång):
Använder du flera ljudappar? Aktivera snabbvalet för att välja önskad spelare direkt när du öppnar en länk.

• Smart Konfigurationsassistent (Android 12+):
Konfigurera enkelt standardapp-länkar med ett enda tryck.

• Urklipp Smart-Banner & Delningsmeny:
Kopiera en länk eller dela direkt från WhatsApp, Telegram, Reddit eller Instagram till SongFlip.

• Universella Smarta Webblänkar & Webplayer (songflip.link):
Skapa neutrala länkar med inbyggd webbspelare så att dina vänner kan lyssna på vilken enhet som helst.

• Snabbinställningar & Appgenvägar:
Pausa omdirigeringen i 15 minuter, 1 timme eller till imorgon bitti direkt från snabbinställningspanelen.

• Material You Design & Temabaserad Ikon:
Anpassar sig till systemets färger med AMOLED-mörkt läge och monokrom hemskärmsikon.

• Kampanjkoder och Vouchers:
Lös in rabattkoder direkt i appen för att låsa upp PRO-funktioner.

🔒 INTEGRITET & ÖPPEN KÄLLKOD:
• 100% Öppen källkod (GPLv3-licensierad på GitHub)
• Inga konton, ingen registrering, ingen inloggning
• Helt reklamfritt för alltid
• Ingen spårning av data eller lyssningsvanor

Kompatibel med Songlink / Odesli. Ladda ner SongFlip nu och njut av musik och podcasts över alla plattformsgränser!"
th-TH,SongFlip: ตัวแปลงลิงก์เพลง,แปลงและเปิดลิงก์เพลงและพอดแคสต์ในเครื่องเล่นโปรดของคุณได้ทันที (0 คลิก),"เพื่อนส่งเพลงหรือพอดแคสต์บน Spotify ให้คุณ แต่คุณใช้ YouTube Music, Apple Podcasts หรือ Deezer?

SongFlip คือเครื่องมือแปลงและเปลี่ยนเส้นทางลิงก์เพลงและพอดแคสต์อัจฉริยะสำหรับ Android เมื่อตั้งค่าแล้ว ลิงก์ที่ได้รับจะถูกแปลงในพื้นหลังโดยอัตโนมัติและเปิดในเครื่องเล่นที่คุณต้องการทันที — โดยไม่ต้องค้นหาเอง ไม่มีโฆษณา และไม่มีหน้าเว็บคั่นให้เสียเวลา

ไม่ว่าจะเป็น Spotify ไปยัง YouTube Music, Apple Podcasts ไปยัง Spotify หรือเพลงจาก Shazam: SongFlip จัดการให้ทันทีในฐานะตัวแปลงลิงก์อัจฉริยะแบบสากล

🚀 ฟีเจอร์หลัก:

• 10 แพลตฟอร์มเพลง พอดแคสต์ และ Shazam:
แปลงลิงก์ข้ามแพลตฟอร์มได้อย่างราบรื่นระหว่าง Spotify, YouTube Music, Apple Music, Apple Podcasts, Pocket Casts, Deezer, TIDAL, Amazon Music, SoundCloud และ Bandcamp รองรับลิงก์ Shazam แล้ว!

• ค้นหาเพลงโดยตรง (ค้นหาในแอป):
ค้นหาเพลงและศิลปินได้โดยตรงภายใน SongFlip และเริ่มเล่นทันทีในแอปเพลงที่คุณต้องการด้วยการแตะ Fast Flip เพียงแตะ 1 ครั้ง โดยไม่ต้องใช้ลิงก์ที่มีอยู่

• การแชร์และสแกนเพลงรหัส QR:
สร้างและสแกนรหัส QR สากลสำหรับเพลงและอัลบั้ม แบ่งปันเพลงกับเพื่อน ๆ ด้วยตนเองได้อย่างง่ายดาย ไม่ว่าพวกเขาจะสมัครรับบริการสตรีมมิ่งใดก็ตาม

• ระบบแปลงพอดแคสต์ (Podcast Converter):
แชร์รายการพอดแคสต์และตอนเดี่ยวข้ามแอปต่างๆ SongFlip จะค้นหาตอนนั้นและเปิดในแอปพอดแคสต์โปรดของคุณโดยตรง

• ตัวแปลงเพลย์ลิสต์สากล (Playlist Converter):
ถ่ายโอนเพลย์ลิสต์ทั้งหมดแบบทีละแทร็กระหว่าง Spotify, Apple Music, YouTube Music, TIDAL และ Deezer ซึ่งมีการทำความสะอาดซ้ำอัตโนมัติ สูงสุด 200 แทร็ก และการแคชหลายระดับความเร็วสูง

• ปรับแต่งการแข่งขันและรายการโปรดด้วยการแตะ 1 ครั้ง:
เลือกระหว่างการบันทึกการแสดงสด รีมาสเตอร์ หรือเวอร์ชันอื่นได้อย่างง่ายดาย ปักหมุดเพลงโปรดของคุณในประวัติศาสตร์ด้วยการแตะเพียงครั้งเดียว และจัดการเพลงเหล่านั้นผ่านเมนูการดำเนินการด่วนที่ปรับปรุงใหม่

• เล่นเพลงทันที (Instant Playback):
เปิดเล่นเพลงหรือตอนพอดแคสต์ในเครื่องเล่นเป้าหมายโดยตรง แทนที่จะแสดงหน้าผลการค้นหาที่ว่างเปล่า

• ตัวเลือกเครื่องเล่นด่วน (ถามทุกครั้ง):
ใช้แอปเสียงหลายตัวใช่ไหม? เปิดใช้งานตัวเลือกด่วนเพื่อเลือกเครื่องเล่นเป้าหมายได้ทันทีเมื่อเปิดลิงก์

• ผู้ช่วยตั้งค่าอัจฉริยะ (Android 12+):
ตั้งค่าลิงก์แอปเริ่มต้นได้อย่างง่ายดายด้วยการแตะเพียงครั้งเดียว

• แบนเนอร์คลิปบอร์ดอัจฉริยะและเมนูแชร์:
คัดลอกลิงก์หรือแชร์โดยตรงจาก WhatsApp, Telegram, Reddit หรือ Instagram ไปยัง SongFlip เพื่อฟังได้ทันที

• สมาร์ทลิงก์เว็บสากลและเว็บเพลเยอร์ (songflip.link):
สร้างลิงก์ที่เป็นกลางพร้อมเว็บเพลเยอร์ในตัวเพื่อให้เพื่อนของคุณฟังได้จากทุกอุปกรณ์

• วิดเจ็ตการตั้งค่าด่วนและทางลัด:
หยุดการเปลี่ยนเส้นทางชั่วคราวเป็นเวลา 15 นาที 1 ชั่วโมง หรือจนถึงเช้าวันพรุ่งนี้ได้จากแผงการตั้งค่าด่วน

• ดีไซน์ Material You และไอคอนตามธีม:
เข้ากับโทนสีระบบของคุณอย่างสวยงามด้วยโหมดมืด AMOLED และไอคอนโมโนโครม

• การแลกรับรหัสโปรโมชันและบัตรกำนัล:
ใส่รหัสโปรโมชันในแอปเพื่อปลดล็อกสิทธิประโยชน์ PRO ได้ทันที

🔒 ความเป็นส่วนตัวและโอเพนซอร์ส:
• โอเพนซอร์ส 100% (ลิขสิทธิ์ GPLv3 บน GitHub)
• ไม่ต้องมีบัญชี ไม่ต้องลงทะเบียน ไม่ต้องเข้าสู่ระบบ
• ไม่มีโฆษณาตลอดไป
• ไม่มีการติดตามข้อมูลหรือพฤติกรรมการฟัง

เข้ากันได้กับ Songlink / Odesli ดาวน์โหลด SongFlip ตอนนี้และเพลิดเพลินกับเสียงเพลงและพอดแคสต์อย่างไร้ขีดจำกัด!"
tr-TR,SongFlip: Müzik Bağlantıları,Müzik ve podcast bağlantılarını favori oynatıcınızda otomatik açın (0 tık).,"Bir arkadaşınız Spotify'da bir şarkı veya podcast gönderdi, ancak siz YouTube Music, Apple Podcasts veya Deezer mı kullanıyorsunuz?

SongFlip, Android için akıllı ve sıfır tıklamalı bir müzik ve podcast bağlantı dönüştürücüsüdür. Kurulduktan sonra gelen bağlantılar arka planda otomatik olarak dönüştürülür ve doğrudan tercih ettiğiniz oynatıcıda açılır — arama yapmaya gerek kalmaz.

Spotify'dan YouTube Music'e, Apple Podcasts'ten Spotify'a veya Shazam şarkılarına: SongFlip tüm bağlantıları evrensel akıllı dönüştürücünüz olarak anında çözer.

🚀 ÖNE ÇIKAN ÖZELLİKLER:

• 10 Akış Platformu, Podcast'ler ve Shazam:
Spotify, YouTube Music, Apple Music, Apple Podcasts, Pocket Casts, Deezer, TIDAL, Amazon Music, SoundCloud ve Bandcamp arasında sorunsuz dönüşüm. Shazam bağlantılarını da destekler!

• Doğrudan Şarkı Arama (Uygulama İçi Arama):
Şarkıları ve sanatçıları doğrudan SongFlip'in içinde arayın ve tek dokunuşla Hızlı Çevirme ile tercih ettiğiniz müzik uygulamasında oynatmayı anında başlatın; mevcut bağlantıya gerek yoktur.

• QR Kod Müzik Paylaşımı ve Tarama:
Şarkılar ve albümler için evrensel QR kodları oluşturun ve tarayın. Hangi yayın hizmetine abone olurlarsa olsunlar, arkadaşlarınızla şahsen zahmetsizce müzik paylaşın.

• Podcast Dönüştürme Motoru:
Podcast programlarını ve tekil bölümleri platformlar arasında paylaşın. SongFlip bölümü otomatik olarak bulur ve favori podcast uygulamanızda başlatır.

• Evrensel Çalma Listesi Dönüştürücü:
Otomatik kopya temizleme, 200'e kadar parça ve yüksek hızlı çok katmanlı önbelleğe alma özellikleriyle tüm çalma listelerini Spotify, Apple Music, YouTube Music, TIDAL ve Deezer arasında parça parça aktarın.

• Eşleşmeleri ve Tek Dokunuşla Favorileri İyileştirin:
Canlı kayıtlar, remaster'lar veya alternatif versiyonlar arasında kolayca seçim yapın. Favori parçalarınızı tek bir dokunuşla geçmişe sabitleyin ve bunları basitleştirilmiş hızlı işlem menüsü aracılığıyla yönetin.

• Anında Oynatma (Instant Playback):
Boş arama sonuçları yerine parçayı doğrudan hedef oynatıcıda başlatır.

• Hızlı Oynatıcı Seçici (Her Seferinde Sor):
Birden fazla müzik uygulaması mı kullanıyorsunuz? Her bağlantı açılışında hedef oynatıcıyı anında seçmek için hızlı seçiciyi etkinleştirin.

• Akıllı Kurulum Asistanı (Android 12+):
Tek dokunuşla varsayılan uygulama bağlantılarını kolayca yapılandırın.

• Pano Akıllı Başlığı ve Paylaşım Menüsü:
Bağlantı mı kopyaladınız? Akıllı başlıktan hemen başlatın veya WhatsApp, Telegram, Reddit'ten SongFlip'e paylaşın.

• Evrensel Web Bağlantıları ve Web Oynatıcı (songflip.link):
Arkadaşlarınızın her cihazda dinleyebilmesi için dahili web oynatıcılı nötr bağlantılar oluşturun.

• Hızlı Ayarlar Kutucuğu ve Kısayollar:
Yönlendirmeyi 15 dakika, 1 saat veya yarına kadar hızlı ayarlar panelinden geçici olarak duraklatın.

• Material You Tasarımı ve Temalı Simge:
AMOLED karanlık mod ve dinamik renk uyumu ile ana ekranınızda şık görünür.

• Promosyon Kodu ve Kupon Kullanımı:
PRO ayrıcalıklarını açmak için promosyon kodlarını doğrudan uygulama içinde kullanın.

🔒 GİZLİLİK VE AÇIK KAYNAK:
• %100 Açık Kaynak (GitHub'da GPLv3 lisanslı)
• Hesap, kayıt veya giriş gerekmez
• Sonsuza kadar tamamen reklamsız
• Sıfır izleme, veri toplama yok

Songlink / Odesli ile uyumludur. SongFlip'i şimdi indirin ve müzik ile podcast'lerin keyfini platform engeli olmadan çıkarın!"
uk,SongFlip: Музичні Посилання,Відкривайте посилання на музику та подкасти в улюбленому плеєрі (0 кліків).,"Друг надіслав трек або подкаст у Spotify, а ви слухаєте в YouTube Music, Apple Podcasts чи Deezer?

SongFlip — ваш розумний конвертер та перенаправлювач аудіопосилань для Android. Отримані посилання автоматично конвертуються у фоновому режимі та відкриваються у вашому улюбленому додатку — без ручного пошуку, реклами та зайвих переходів.

Зі Spotify у YouTube Music, з Apple Podcasts у Spotify або посилання з Shazam: SongFlip миттєво відкриє потрібний контент.

🚀 ГОЛОВНІ МОЖЛИВОСТІ:

• 10 Стрімінгових Платформ, Подкасти та Shazam:
Швидка конвертація між Spotify, YouTube Music, Apple Music, Apple Podcasts, Pocket Casts, Deezer, TIDAL, Amazon Music, SoundCloud та Bandcamp. Підтримує розпізнані треки Shazam!

• Прямий пошук пісні (пошук у програмі):
Шукайте треки та виконавців безпосередньо в SongFlip і миттєво запускайте відтворення у улюбленому музичному додатку за допомогою Fast Flip одним дотиком — посилання не потрібне.

• Обмін музикою та сканування QR-коду:
Створюйте та скануйте універсальні QR-коди для пісень і альбомів. Легко діліться музикою з друзями особисто, незалежно від того, на який потоковий сервіс вони підписані.

• Конвертер Подкастів:
Діліться подкаст-шоу та окремими епізодами між різними додатками. SongFlip знаходить випуск і запускає його у вашому підкаст-плеєрі.

• Універсальний Конвертер Плейлістів:
Переносьте цілі списки відтворення трек за треком між Spotify, Apple Music, YouTube Music, TIDAL і Deezer — із автоматичним очищенням дублікатів, до 200 треків і високошвидкісним багаторівневим кешуванням.

• Уточніть збіги та вибране одним дотиком:
Легко вибирайте між живими записами, ремастерами чи альтернативними версіями. Закріпіть свої улюблені треки в історії одним дотиком і керуйте ними за допомогою оптимізованого меню швидких дій.

• Миттєве Відтворення (Instant Playback):
Запускає аудіо безпосередньо в цільовому додатку, минаючи порожні результати пошуку.

• Швидкий Вибір Плеєра (Запитувати щоразу):
Користуєтеся кількома додатками? Активуйте швидкий вибір плеєра під час відкриття посилання.

• Розумний Помічник Налаштування (Android 12+):
Просте налаштування посилань за замовчуванням в один дотик.

• Розумний Банер Буфера Обміну та Меню «Поділитися»:
Скопіювали посилання? Запускайте його через банер або надсилайте з WhatsApp, Telegram, Reddit у SongFlip.

• Універсальні Веб-Посилання та Веб-Плеєр (songflip.link):
Створюйте нейтральні смарт-посилання з інтегрованим плеєром для друзів.

• Плитка Швидких Налаштувань:
Призупиняйте перенаправлення на 15 хвилин, 1 годину або до ранку зі шторки налаштувань.

• Дизайн Material You та Тематична Іконка:
Підтримка Dynamic Color, темної теми AMOLED та монохромної іконки.

• Активація Промокодів та Ваучерів:
Вводьте промокоди безпосередньо в додатку для розблокування функцій PRO.

🔒 ПРИВАТНІСТЬ ТА ВІДКРИТИЙ КОД:
• 100% Open Source (ліцензія GPLv3 на GitHub)
• Без облікових записів, реєстрацій та логінів
• Повна відсутність реклами
• Жодного відстеження дій чи збору даних

Сумісний із Songlink / Odesli. Завантажте SongFlip та слухайте музику й подкасти без жодних меж!"
vi,SongFlip: Chuyển Link Nhạc,"Chuyển đổi và mở link nhạc, podcast trong ứng dụng yêu thích (0 lần nhấp).","Bạn bè gửi cho bạn một bài hát hoặc podcast trên Spotify, nhưng bạn lại dùng YouTube Music, Apple Podcasts hay Deezer?

SongFlip là công cụ chuyển đổi và chuyển hướng liên kết âm nhạc & podcast thông minh không cần chạm cho Android. Sau khi thiết lập, các liên kết nhận được sẽ tự động chuyển đổi ở chế độ nền và mở ngay trong trình phát yêu thích của bạn — không cần tìm kiếm thủ công, không quảng cáo và không qua trang trung gian.

Từ Spotify sang YouTube Music, Apple Podcasts sang Spotify hay nhận diện qua Shazam: SongFlip xử lý nhanh chóng như một công cụ chuyển đổi liên kết thông minh vạn năng.

🚀 TÍNH NĂNG CHÍNH:

• 10 Nền Tảng Âm Nhạc, Podcast & Shazam:
Chuyển đổi mượt mà giữa Spotify, YouTube Music, Apple Music, Apple Podcasts, Pocket Casts, Deezer, TIDAL, Amazon Music, SoundCloud và Bandcamp. Hỗ trợ liên kết chia sẻ từ Shazam!

• Tìm kiếm bài hát trực tiếp (Tìm kiếm trong ứng dụng):
Tìm kiếm các bản nhạc và nghệ sĩ trực tiếp trong SongFlip và khởi chạy phát lại ngay lập tức trong ứng dụng âm nhạc ưa thích của bạn với Fast Flip chỉ bằng 1 lần nhấn—không cần liên kết hiện có.

• Chia sẻ và quét nhạc mã QR:
Tạo và quét mã QR phổ biến cho các bài hát và album. Dễ dàng chia sẻ âm nhạc trực tiếp với bạn bè, bất kể họ đăng ký dịch vụ phát trực tuyến nào.

• Trình Chuyển Đổi Podcast:
Chia sẻ chương trình và từng tập podcast qua lại giữa các ứng dụng. SongFlip tự động nhận diện tập và mở ngay trong trình phát podcast của bạn.

• Chuyển Đổi Danh Sách Phát Toàn Diện:
Chuyển toàn bộ danh sách phát theo từng bản nhạc giữa Spotify, Apple Music, YouTube Music, TIDAL và Deezer—có tính năng dọn dẹp trùng lặp tự động, tối đa 200 bản nhạc và bộ nhớ đệm nhiều tầng tốc độ cao.

• Tinh chỉnh các kết quả phù hợp & Mục yêu thích bằng 1 lần nhấn:
Dễ dàng chọn giữa các bản ghi trực tiếp, bản remaster hoặc phiên bản thay thế. Ghim các bản nhạc yêu thích của bạn vào lịch sử chỉ bằng một cú chạm và quản lý chúng thông qua menu hành động nhanh được sắp xếp hợp lý.

• Phát Ngay Lập Tức (Instant Playback):
Phát trực tiếp bài hát hoặc tập podcast trong trình phát đích thay vì hiển thị trang tìm kiếm trống.

• Trình Chọn Nhanh Trình Phát (Hỏi mọi lần):
Bạn dùng nhiều ứng dụng âm thanh? Bật trình chọn nhanh để chọn trình phát mong muốn mỗi khi mở liên kết.

• Trợ Lý Cài Đặt Thông Minh (Android 12+):
Dễ dàng thiết lập liên kết ứng dụng mặc định chỉ với 1 lần chạm.

• Banner Bảng Tạm Thông Minh & Menu Chia Sẻ:
Sao chép liên kết hoặc chia sẻ trực tiếp từ WhatsApp, Telegram, Instagram sang SongFlip để chuyển đổi ngay.

• Liên Kết Web Đa Năng & Web Player (songflip.link):
Tạo liên kết trung lập tích hợp trình phát web để bạn bè có thể nghe trên mọi thiết bị.

• Ô Cài Đặt Nhanh & Lối Tắt:
Tạm dừng chuyển hướng trong 15 phút, 1 giờ hoặc đến sáng mai từ bảng cài đặt nhanh.

• Thiết Kế Material You & Biểu Tượng Theo Chủ Đề:
Tương thích hoàn hảo với Dynamic Color, chế độ tối AMOLED và biểu tượng đơn sắc.

• Đổi Mã Khuyến Mãi & Voucher:
Nhập mã ưu đãi trực tiếp trong ứng dụng để mở khóa các tính năng PRO.

🔒 QUYỀN RIÊNG TƯ & MÃ NGUỒN MỞ:
• 100% Mã nguồn mở (Giấy phép GPLv3 trên GitHub)
• Không cần tài khoản hay đăng nhập
• Hoàn toàn không có quảng cáo
• Không theo dõi thói quen nghe nhạc

Tương thích với Songlink / Odesli. Tải ngay SongFlip để thưởng thức âm nhạc và podcast không giới hạn nền tảng!"
zh-CN,SongFlip: 音乐链接重定向,在您喜爱的播放器中自动转换并打开音乐与播客链接（零点击）。,"朋友在 Spotify 上给您发了一首歌或播客，但您使用的是 YouTube Music、Apple Podcasts 或 Deezer？

SongFlip 是专为 Android 打造的智能音乐与播客链接转换与重定向工具。只需设置一次，收到的音频链接即可在后台自动转换并在您喜爱的播放器中直接启动——无需手动搜索、无广告打扰、告别繁琐的网页中转。

无论是 Spotify 转 YouTube Music、Apple Podcasts 转 Spotify，还是 Shazam 识别的曲目，SongFlip 都能作为您的全能智能链接转换器瞬间解析。

🚀 核心功能：

• 10 大流媒体与播客平台 & Shazam：
在 Spotify、YouTube Music、Apple Music、Apple Podcasts、Pocket Casts、Deezer、TIDAL、Amazon Music、SoundCloud 和 Bandcamp 之间无缝转换。现已支持 Shazam 分享链接！

• 直接歌曲搜索（应用内搜索）：
直接在 SongFlip 中搜索曲目和艺术家，并通过一键快速翻转在您喜欢的音乐应用程序中立即启动播放，无需现有链接。

• 二维码音乐分享及扫描：
生成并扫描歌曲和专辑的通用二维码。轻松与朋友亲自分享音乐，无论他们订阅了哪种流媒体服务。

• 播客转换引擎：
跨平台分享播客节目和单集。SongFlip 会自动解析单集标题，并在您喜爱的播客应用中直接开始播放。

• 全能播放列表转换器 (Playlist Converter)：
在 Spotify、Apple Music、YouTube Music、TIDAL 和 Deezer 之间逐首传输整个播放列表，具有自动重复清理、最多 200 首曲目和高速多层缓存的功能。

• 优化匹配和一键收藏夹：
在现场录音、重制版或替代版本之间轻松进行选择。只需轻按一下即可将您最喜欢的曲目固定在历史记录中，并通过简化的快速操作菜单进行管理。

• 即时播放 (Instant Playback)：
直接在目标播放器中启动歌曲或单集播放，无需停留在空白搜索结果页。

• 快速播放器选择器（每次询问）：
使用多个音频应用？启用快捷选择器，在每次打开链接时随心选择播放器。

• 智能设置助手 (Android 12+)：
一键式交互式助手，助您轻松配置默认应用链接。

• 剪贴板智能横幅与分享菜单：
复制音频链接后即可通过智能横幅一键启动，或直接从微信、WhatsApp、Telegram、小红书分享至 SongFlip。

• 通用网页智能链接与网页播放器 (songflip.link)：
一键生成带有内置播放器的中立链接，方便朋友在任何设备或浏览器上直接收听。

• 快捷设置磁贴与桌面快捷方式：
通过通知栏快捷磁贴将重定向暂停 15 分钟、1 小时或直到明早。

• Material You 设计与主题图标：
完美适配系统动态取色 (Dynamic Color)、AMOLED 深色模式及单色桌面图标。

• 优惠码与兑换券支持：
直接在应用内兑换优惠码，解锁 PRO 高级特权。

🔒 隐私至上与开源透明：
• 100% 开源（遵循 GitHub GPLv3 协议）
• 无需注册、无需登录、无个人账户
• 永久完全无广告
• 零数据追踪，绝不记录任何听歌习惯

兼容 Songlink / Odesli 等通用协议。立即下载 SongFlip，打破平台壁垒，畅享音乐与播客！"
zh-TW,SongFlip: 音樂連結重定向,在您喜愛的播放器中自動轉換並開啟音樂與 Podcast 連結（零點擊）。,"朋友在 Spotify 上傳了一首歌曲或 Podcast，但您使用的是 YouTube Music、Apple Podcasts 或 Deezer？

SongFlip 是專為 Android 設計的智慧音樂與 Podcast 連結轉換工具。設定完成後，收到的音訊連結將在背景自動轉換並直接在您偏好的播放器中播放——免手動搜尋、無廣告打擾、告別中轉頁面。

無論是 Spotify 轉 YouTube Music、Apple Podcasts 轉 Spotify，還是 Shazam 辨識的歌曲，SongFlip 都能以全能智慧連結轉換器瞬間為您處理。

🚀 主要功能：

• 10 大串流與 Podcast 平台 & Shazam：
在 Spotify、YouTube Music、Apple Music、Apple Podcasts、Pocket Casts、Deezer、TIDAL、Amazon Music、SoundCloud 與 Bandcamp 之間無縫轉換。現已支援 Shazam 分享連結！

• 直接歌曲搜尋（應用程式內搜尋）：
直接在 SongFlip 中搜尋曲目和藝術家，並透過一鍵快速翻轉在您喜歡的音樂應用程式中立即啟動播放，無需現有連結。

• 二維碼音樂分享及掃描：
產生並掃描歌曲和專輯的通用二維碼。輕鬆與朋友親自分享音樂，無論他們訂閱了哪種串流媒體服務。

• Podcast 轉換引擎：
跨平台分享 Podcast 節目與單集。SongFlip 會自動解析單集標題，並在您喜愛的 Podcast 應用程式中直接播放。

• 全能播放清單轉換器：
在 Spotify、Apple Music、YouTube Music、TIDAL 和 Deezer 之間逐首傳輸整個播放列表，具有自動重複清理、最多 200 首曲目和高速多層緩存的功能。

• 優化匹配和一鍵收藏：
在現場錄音、重製版或替代版本之間輕鬆進行選擇。只需輕按一下即可將您最喜歡的曲目固定在歷史記錄中，並透過簡化的快速操作選單進行管理。

• 即時播放 (Instant Playback)：
直接在目標播放器中播放歌曲或單集，無需停留在搜尋結果頁。

• 快速播放器選擇器（每次詢問）：
使用多個音訊應用程式？啟用快速選擇器，在每次開啟連結時自由選擇目標播放器。

• 智慧設定小幫手 (Android 12+)：
一鍵式互動設定，輕鬆配置預設應用程式連結。

• 剪貼簿智慧橫幅與分享選單：
複製連結後即可透過橫幅一鍵啟動，或從 LINE、WhatsApp、Telegram、Instagram 分享至 SongFlip。

• 通用網頁智慧連結與網頁播放器 (songflip.link)：
產生內建播放器的中立連結，讓朋友在任何裝置上都能直接收聽。

• 快速設定圖塊與捷徑：
透過通知列快速設定將重定向暫停 15 分鐘、1 小時或至隔天早晨。

• Material You 設計與主題圖示：
完美支援 Dynamic Color、AMOLED 深色模式及單色桌面圖示。

• 優惠代碼與兌換券支援：
直接在應用程式中兌換優惠代碼，解鎖 PRO 高級功能。

🔒 隱私優先與開源透明：
• 100% 開源（GitHub GPLv3 授權）
• 無需註冊、無需登入、無帳號負擔
• 永久完全無廣告
• 零數據追蹤，絕不記錄個人聆聽偏好

相容於 Songlink / Odesli 協議。立即下載 SongFlip，跨越平台限制，自在享受音樂與 Podcast！"
